Data Ulasan UMKM Banyumas — SIMANTAP UMKM;;;;;;;;
nama_umkm;kategori;lokasi;ulasan;rating;label_sentimen;produk_utama;;KETERANGAN LABEL
Nama usaha sesuai Google Maps;Pilih dari dropdown ?;Kecamatan;Copy-paste teks ulasan lengkap dari GMaps;Bintang 1–5;4-5=Positif  |  1-2=Negatif  |  3=Netral;Produk/jasa utama (opsional);;????? / ???? ? Positif
"Galery Batik ""PRINGMAS""";Fashion;Kecamatan Banyumas (Dusun Kalisuren, Desa Papringan);"Bagus-bagus batiknya, seruu bgtt disini kita jadi tau gmn proses membatik sampe jadi kain batik. tempatnya nyaman dan adem bangettt
Asik banget berkunjung ke batik pringmas welcome banget, kita juga sekalian pelatihan membatik nih dari pringmas menyediakan paket membatik juga lohh
Pengalaman membatik dan mengenal lokasi produksi di batik Pringmas sangat seru dan menghibur. Jadi tau ternyata proses membatik sangat panjang
kita harus menghargai batik dengan menggunakannya sebaik mungkin, 
Belajar membatikk harus banget disiniii. 
Tempatnya Sejuk, ibu pendamping ramah ramah. Banyak banget pengalaman yg didapat disini
Batiknya bagus...khas banyumas
Untuk belanja batik tulis dengan desain alami dengan warna yang kalem
bisa datang ke tempat ini. Hampir semua desain menarik.  Harga bervariasi tergantung bahan dan pewarna yang dipakai. Mulai dari rp500.000 sampai dua juta.
Tempat ini juga menyediakan wisata edukasi. Rombongan pengunjung yang ingin belajar membatik tersedia pendopo di sebelah kanan galeri
Batik Banyumas yang berkualitas. Ada harga, ada kualitas, Batik tulisnya keren keren, Harganya terjangkau, batiknya bagus dan keren
asli tulis/handmade,,tempatnya nyaman dengan pemandangan sungai serayu
cocok untuk wisata edukasi batik
Pilihan batiknya banyak dan bagus2..harganya sesuai sama kebagusan motif batiknya. Lokasi galerinya agak terpencil tapi cukup luas parkir maupun galerinya itu sendiri
Buat yang nyari batik Banyumas yg original (asli lukisan dan pewarnaan orang Banyumas)  tempat ini salah satu yg recomended. Sering bawa tamu dr dalam dan luar negeri
 rata2 komentarnya puas. Bisa terima non tunai juga... Ada mesin EDC nya juga. Ada toilet. Bisa melihat orang produksi sambil memandangi indahnya sungai serayu.
";4,6;Positif;Kain batik tulis dan cap klasik banyumasan dengan karakteristik warna soga (cokelat) dan wedelan (biru tua), pakaian batik jadi, serta produk suvenir berbahan kain batik.;;??    / ?   ? Negatif
Nopia & Mino Pak Narwan;Kuliner;Kecamatan Banyumas (Desa Pekunden);"Jangan sampai kelupaan ketika berkunjung ke daerah ini, belilah oleh-oleh untuk saudara-saudara Anda. Nopia ini sangat enak dan harganyapun tidak mahal seperti oleh-oleh pada umumnya. Dijamin khalal makanan ini. Kemasannya bagus dan mudah dibawa kemana-mana. Hanya saja untuk tempat penjual ini kurang bisa dilihat dalam keadaan lalu lintas ramai. Mungkin karna plang toko yang kecil atau belum sebuming oleh-oleh yang lain.
nak sayang tempt jualan dirumah,  jadi kalu yg gak tahu susah nyari,  kadang pintu ditutup lagi,  walaupun kalau diketuk ya dibukakan,  tapi barang selslu baru
Bisa liat langsung pembuatan nya..menarik, pelayanan nya baik
Tempat produksi sekaligus belanja nopia & mino yang legendaris di kota Banyumas, jajanan yang recommended untuk oleh - oleh bila berkunjung ke tempat saudara. Ada berbagai varian rasa, rasa gula jawa, rasa duren dan lainya, harganya cukup terjangkau, packingnya bagus. Lokasinya berada di pinggir jalan sehingga mudah di akses.
Ga suka dgn pelayqnan ga ramah,sombong mentang lg rame
Citarasa nopia dan mino yg khas dan enak, ownernya juga baik banget, kita bawa rombongan anak2 kesana untuk melihat pembuatanya juga disambut dengan baik. Trimakasih atas sambutan hangatnya
Makanan khas yang saya sukai sejak kecil. Enak, manis, dan unik karena kopong bagian dalamnya. Baru tau kalo ternyata makanan khas dari Banyumas. Benar-benar legend makanan khas yang satu ini. Hampir di setiap toko oleh-oleh di berbagai kota selalu ada nopia. Generasi kedua yang sekarang menghandle nopia pak Narwan. Semoga sukses, berkah dunia akhirat.
Tempat pembuatan nopia dan mino Pak Narwan. Recommended kalau mau beli yang fresh from the traditional oven.
Nopia nya top markotop. Fresh from the oven. Ada rasa duren, gula aren, coklat, nanas, brambang! Wah rasa nanas nya ok bgt. Cuma ada di Jogja dan Bandung. Kalo di Jakarta biasanya cuma ada rasa gula aren n coklat. Wajib banget kalo k Purwokerto, mampir ke Pak Narwan di Banyumas. Cuma 15 km dari Purwokerto alias 30 - 40 menit dg mobil. Yang melayani juga ramah. Harus lah ke Nopia pak Narwan. Oleh2 yg pas.
Tempat oleh oleh ter favorit walaupun sederhana dan hanya rumahan, produk produknya sangat berkualitas baik dan enak
Nyaman menyenangkan dan unik,makanan spesifik dan super enaaak.";4,5;Positif;Nopia (ukuran besar) dan Mino (Mini Nopia) dengan isian orisinal gula jawa serta varian rasa lain seperti bawang goreng, susu, cokelat, dan durian.;;
Getuk Goreng ASLI H. Tohirin 5;Kuliner;Sokaraja, Banyumas;"getuk goreng di sini enak dan kualitasnya konsisten.
Pelayanannya ramah, cepat, dan membuat pelanggan nyaman.
Tempatnya bersih sehingga saya merasa nyaman saat berkunjung.
Harga masih sesuai dengan kualitas getuk goreng yang diberikan.
Lokasinya mudah ditemukan dan cocok untuk dikunjungi lagi.
Pilihan produknya cukup lengkap dan tertata rapi.
Pesanan saya sesuai harapan, tidak ada masalah berarti.
Karyawan memberi informasi dengan jelas dan sopan.
Pengalaman membeli getuk goreng di sini sangat memuaskan.
Produk yang saya beli terlihat fresh dan layak direkomendasikan.";5;Positif;Getuk goreng & camilan;;
Getuk Goreng ASLI H. Tohirin 5;Kuliner;Sokaraja, Banyumas;"Pelayanannya cukup baik, tetapi masih bisa dibuat lebih cepat.
Kualitas getuk goreng standar, tidak buruk tetapi belum terlalu istimewa.
Tempatnya cukup nyaman, namun area parkir terasa terbatas.
Harga masih wajar, tetapi beberapa menu/produk terasa agak mahal.
Pilihan produknya lumayan lengkap, hanya saja stok tertentu sering habis.
Lokasi mudah dicari, tetapi akses masuknya agak sempit saat ramai.
Rasa/kualitas getuk goreng cukup oke, namun belum terlalu konsisten.
Penyajian cukup rapi, tetapi waktu tunggu masih perlu diperbaiki.
Staf cukup ramah, meskipun responsnya kadang kurang cepat.
Produk sesuai deskripsi, hanya kemasannya bisa dibuat lebih menarik.
Tempatnya bersih, tetapi suasananya agak padat pada jam ramai.
Pengalaman belanja biasa saja, masih sesuai dengan ekspektasi awal.
Variasi produk cukup banyak, namun penataan rak/menu kurang jelas.
Kualitasnya masih bisa diterima, tetapi perlu peningkatan kecil.
Secara umum cukup memuaskan, walaupun belum sampai sangat bagus.
Informasi harga tersedia, tetapi sebaiknya dibuat lebih mudah dibaca.
Pesanan datang sesuai, tetapi tidak terlalu cepat.
Produk utama cukup enak/baik, namun rasa atau tampilannya biasa saja.
Tempat ini layak dicoba, tetapi masih ada beberapa hal yang perlu diperbaiki.
Saya tidak kecewa, tetapi juga belum merasa sangat puas.";3;Netral;Getuk goreng & camilan;;
Getuk Goreng ASLI H. Tohirin 5;Kuliner;Sokaraja, Banyumas;"Pelayanan terasa lambat dan kurang sigap saat pelanggan ramai.
Kualitas getuk goreng kurang sesuai dengan ekspektasi saya.
Harga terasa kurang sebanding dengan porsi atau kualitas produk.
Tempatnya kurang nyaman karena terlalu ramai dan ruangnya sempit.
Pesanan datang cukup lama sehingga pengalaman kurang menyenangkan.
Ada produk yang terlihat kurang fresh saat saya beli.
Karyawan kurang informatif ketika ditanya mengenai produk.
Kebersihan area tertentu masih perlu diperhatikan lagi.
Kemasan kurang rapi sehingga produk terlihat kurang menarik.
Stok produk yang saya cari kosong tetapi informasinya tidak jelas.
Rasa/kualitas getuk goreng menurut saya menurun dibanding sebelumnya.
Antrean tidak tertata sehingga pelanggan harus menunggu terlalu lama.
Pelayanan kurang ramah dan membuat saya kurang nyaman.
Produk yang diterima tidak sesuai dengan harapan awal.
Tempat parkir sulit dan membuat kunjungan terasa merepotkan.
Penyajian kurang rapi dan perlu ditingkatkan lagi.
Harga beberapa item terasa mahal untuk kualitas yang biasa saja.
Respons pegawai lambat ketika ada keluhan dari pelanggan.
Pengalaman kali ini kurang memuaskan dan perlu banyak perbaikan.
Saya berharap kualitas dan pelayanan bisa lebih konsisten ke depannya.";2;Negatif;Getuk goreng & camilan;;
"Galery Batik ""PRINGMAS""";Fashion;"Kecamatan Banyumas
(Dusun Kalisuren, Desa Papringan)";"batik di sini enak dan kualitasnya konsisten.
Pelayanannya ramah, cepat, dan membuat pelanggan nyaman.
Tempatnya bersih sehingga saya merasa nyaman saat berkunjung.
Harga masih sesuai dengan kualitas batik yang diberikan.
Lokasinya mudah ditemukan dan cocok untuk dikunjungi lagi.
Pilihan produknya cukup lengkap dan tertata rapi.
Pesanan saya sesuai harapan, tidak ada masalah berarti.
Karyawan memberi informasi dengan jelas dan sopan.
Pengalaman membeli batik di sini sangat memuaskan.
Produk yang saya beli terlihat fresh dan layak direkomendasikan.";5;Positif;Batik Banyumasan, kain batik, pakaian batik, dan suvenir berbahan kain;;
"Galery Batik ""PRINGMAS""";Fashion;"Kecamatan Banyumas
(Dusun Kalisuren, Desa Papringan)";"Pelayanannya cukup baik, tetapi masih bisa dibuat lebih cepat.
Kualitas batik standar, tidak buruk tetapi belum terlalu istimewa.
Tempatnya cukup nyaman, namun area parkir terasa terbatas.
Harga masih wajar, tetapi beberapa menu/produk terasa agak mahal.
Pilihan produknya lumayan lengkap, hanya saja stok tertentu sering habis.
Lokasi mudah dicari, tetapi akses masuknya agak sempit saat ramai.
Rasa/kualitas batik cukup oke, namun belum terlalu konsisten.
Penyajian cukup rapi, tetapi waktu tunggu masih perlu diperbaiki.
Staf cukup ramah, meskipun responsnya kadang kurang cepat.
Produk sesuai deskripsi, hanya kemasannya bisa dibuat lebih menarik.
Tempatnya bersih, tetapi suasananya agak padat pada jam ramai.
Pengalaman belanja biasa saja, masih sesuai dengan ekspektasi awal.
Variasi produk cukup banyak, namun penataan rak/menu kurang jelas.
Kualitasnya masih bisa diterima, tetapi perlu peningkatan kecil.
Secara umum cukup memuaskan, walaupun belum sampai sangat bagus.
Informasi harga tersedia, tetapi sebaiknya dibuat lebih mudah dibaca.
Pesanan datang sesuai, tetapi tidak terlalu cepat.
Produk utama cukup enak/baik, namun rasa atau tampilannya biasa saja.
Tempat ini layak dicoba, tetapi masih ada beberapa hal yang perlu diperbaiki.
Saya tidak kecewa, tetapi juga belum merasa sangat puas.";3;Netral;Batik Banyumasan, kain batik, pakaian batik, dan suvenir berbahan kain;;
"Galery Batik ""PRINGMAS""";Fashion;"Kecamatan Banyumas
(Dusun Kalisuren, Desa Papringan)";"Pelayanan terasa lambat dan kurang sigap saat pelanggan ramai.
Kualitas batik kurang sesuai dengan ekspektasi saya.
Harga terasa kurang sebanding dengan porsi atau kualitas produk.
Tempatnya kurang nyaman karena terlalu ramai dan ruangnya sempit.
Pesanan datang cukup lama sehingga pengalaman kurang menyenangkan.
Ada produk yang terlihat kurang fresh saat saya beli.
Karyawan kurang informatif ketika ditanya mengenai produk.
Kebersihan area tertentu masih perlu diperhatikan lagi.
Kemasan kurang rapi sehingga produk terlihat kurang menarik.
Stok produk yang saya cari kosong tetapi informasinya tidak jelas.
Rasa/kualitas batik menurut saya menurun dibanding sebelumnya.
Antrean tidak tertata sehingga pelanggan harus menunggu terlalu lama.
Pelayanan kurang ramah dan membuat saya kurang nyaman.
Produk yang diterima tidak sesuai dengan harapan awal.
Tempat parkir sulit dan membuat kunjungan terasa merepotkan.
Penyajian kurang rapi dan perlu ditingkatkan lagi.
Harga beberapa item terasa mahal untuk kualitas yang biasa saja.
Respons pegawai lambat ketika ada keluhan dari pelanggan.
Pengalaman kali ini kurang memuaskan dan perlu banyak perbaikan.
Saya berharap kualitas dan pelayanan bisa lebih konsisten ke depannya.";2;Negatif;Batik Banyumasan, kain batik, pakaian batik, dan suvenir berbahan kain;;
Nopia & Mino Pak Narwan;Kuliner;"Kecamatan Banyumas
(Desa Pekunden)";"nopia dan mino di sini enak dan kualitasnya konsisten.
Pelayanannya ramah, cepat, dan membuat pelanggan nyaman.
Tempatnya bersih sehingga saya merasa nyaman saat berkunjung.
Harga masih sesuai dengan kualitas nopia dan mino yang diberikan.
Lokasinya mudah ditemukan dan cocok untuk dikunjungi lagi.
Pilihan produknya cukup lengkap dan tertata rapi.
Pesanan saya sesuai harapan, tidak ada masalah berarti.
Karyawan memberi informasi dengan jelas dan sopan.
Pengalaman membeli nopia dan mino di sini sangat memuaskan.
Produk yang saya beli terlihat fresh dan layak direkomendasikan.";5;Positif;Nopia dan mino dengan isian gula jawa serta varian rasa lain;;
Nopia & Mino Pak Narwan;Kuliner;"Kecamatan Banyumas
(Desa Pekunden)";"Pelayanannya cukup baik, tetapi masih bisa dibuat lebih cepat.
Kualitas nopia dan mino standar, tidak buruk tetapi belum terlalu istimewa.
Tempatnya cukup nyaman, namun area parkir terasa terbatas.
Harga masih wajar, tetapi beberapa menu/produk terasa agak mahal.
Pilihan produknya lumayan lengkap, hanya saja stok tertentu sering habis.
Lokasi mudah dicari, tetapi akses masuknya agak sempit saat ramai.
Rasa/kualitas nopia dan mino cukup oke, namun belum terlalu konsisten.
Penyajian cukup rapi, tetapi waktu tunggu masih perlu diperbaiki.
Staf cukup ramah, meskipun responsnya kadang kurang cepat.
Produk sesuai deskripsi, hanya kemasannya bisa dibuat lebih menarik.
Tempatnya bersih, tetapi suasananya agak padat pada jam ramai.
Pengalaman belanja biasa saja, masih sesuai dengan ekspektasi awal.
Variasi produk cukup banyak, namun penataan rak/menu kurang jelas.
Kualitasnya masih bisa diterima, tetapi perlu peningkatan kecil.
Secara umum cukup memuaskan, walaupun belum sampai sangat bagus.
Informasi harga tersedia, tetapi sebaiknya dibuat lebih mudah dibaca.
Pesanan datang sesuai, tetapi tidak terlalu cepat.
Produk utama cukup enak/baik, namun rasa atau tampilannya biasa saja.
Tempat ini layak dicoba, tetapi masih ada beberapa hal yang perlu diperbaiki.
Saya tidak kecewa, tetapi juga belum merasa sangat puas.";3;Netral;Nopia dan mino dengan isian gula jawa serta varian rasa lain;;
Nopia & Mino Pak Narwan;Kuliner;"Kecamatan Banyumas
(Desa Pekunden)";"Pelayanan terasa lambat dan kurang sigap saat pelanggan ramai.
Kualitas nopia dan mino kurang sesuai dengan ekspektasi saya.
Harga terasa kurang sebanding dengan porsi atau kualitas produk.
Tempatnya kurang nyaman karena terlalu ramai dan ruangnya sempit.
Pesanan datang cukup lama sehingga pengalaman kurang menyenangkan.
Ada produk yang terlihat kurang fresh saat saya beli.
Karyawan kurang informatif ketika ditanya mengenai produk.
Kebersihan area tertentu masih perlu diperhatikan lagi.
Kemasan kurang rapi sehingga produk terlihat kurang menarik.
Stok produk yang saya cari kosong tetapi informasinya tidak jelas.
Rasa/kualitas nopia dan mino menurut saya menurun dibanding sebelumnya.
Antrean tidak tertata sehingga pelanggan harus menunggu terlalu lama.
Pelayanan kurang ramah dan membuat saya kurang nyaman.
Produk yang diterima tidak sesuai dengan harapan awal.
Tempat parkir sulit dan membuat kunjungan terasa merepotkan.
Penyajian kurang rapi dan perlu ditingkatkan lagi.
Harga beberapa item terasa mahal untuk kualitas yang biasa saja.
Respons pegawai lambat ketika ada keluhan dari pelanggan.
Pengalaman kali ini kurang memuaskan dan perlu banyak perbaikan.
Saya berharap kualitas dan pelayanan bisa lebih konsisten ke depannya.";2;Negatif;Nopia dan mino dengan isian gula jawa serta varian rasa lain;;
Pusat Oleh-Oleh ECO21;Lainnya;"Kecamatan Purwokerto Barat
(Kawasan Sawangan)";"oleh-oleh di sini enak dan kualitasnya konsisten.
Pelayanannya ramah, cepat, dan membuat pelanggan nyaman.
Tempatnya bersih sehingga saya merasa nyaman saat berkunjung.
Harga masih sesuai dengan kualitas oleh-oleh yang diberikan.
Lokasinya mudah ditemukan dan cocok untuk dikunjungi lagi.
Pilihan produknya cukup lengkap dan tertata rapi.
Pesanan saya sesuai harapan, tidak ada masalah berarti.
Karyawan memberi informasi dengan jelas dan sopan.
Pengalaman membeli oleh-oleh di sini sangat memuaskan.
Produk yang saya beli terlihat fresh dan layak direkomendasikan.";5;Positif;Oleh-oleh khas Banyumas, camilan tradisional, getuk, lanting, dan keripik;;
Pusat Oleh-Oleh ECO21;Lainnya;"Kecamatan Purwokerto Barat
(Kawasan Sawangan)";"Pelayanannya cukup baik, tetapi masih bisa dibuat lebih cepat.
Kualitas oleh-oleh standar, tidak buruk tetapi belum terlalu istimewa.
Tempatnya cukup nyaman, namun area parkir terasa terbatas.
Harga masih wajar, tetapi beberapa menu/produk terasa agak mahal.
Pilihan produknya lumayan lengkap, hanya saja stok tertentu sering habis.
Lokasi mudah dicari, tetapi akses masuknya agak sempit saat ramai.
Rasa/kualitas oleh-oleh cukup oke, namun belum terlalu konsisten.
Penyajian cukup rapi, tetapi waktu tunggu masih perlu diperbaiki.
Staf cukup ramah, meskipun responsnya kadang kurang cepat.
Produk sesuai deskripsi, hanya kemasannya bisa dibuat lebih menarik.
Tempatnya bersih, tetapi suasananya agak padat pada jam ramai.
Pengalaman belanja biasa saja, masih sesuai dengan ekspektasi awal.
Variasi produk cukup banyak, namun penataan rak/menu kurang jelas.
Kualitasnya masih bisa diterima, tetapi perlu peningkatan kecil.
Secara umum cukup memuaskan, walaupun belum sampai sangat bagus.
Informasi harga tersedia, tetapi sebaiknya dibuat lebih mudah dibaca.
Pesanan datang sesuai, tetapi tidak terlalu cepat.
Produk utama cukup enak/baik, namun rasa atau tampilannya biasa saja.
Tempat ini layak dicoba, tetapi masih ada beberapa hal yang perlu diperbaiki.
Saya tidak kecewa, tetapi juga belum merasa sangat puas.";3;Netral;Oleh-oleh khas Banyumas, camilan tradisional, getuk, lanting, dan keripik;;
Pusat Oleh-Oleh ECO21;Lainnya;"Kecamatan Purwokerto Barat
(Kawasan Sawangan)";"Pelayanan terasa lambat dan kurang sigap saat pelanggan ramai.
Kualitas oleh-oleh kurang sesuai dengan ekspektasi saya.
Harga terasa kurang sebanding dengan porsi atau kualitas produk.
Tempatnya kurang nyaman karena terlalu ramai dan ruangnya sempit.
Pesanan datang cukup lama sehingga pengalaman kurang menyenangkan.
Ada produk yang terlihat kurang fresh saat saya beli.
Karyawan kurang informatif ketika ditanya mengenai produk.
Kebersihan area tertentu masih perlu diperhatikan lagi.
Kemasan kurang rapi sehingga produk terlihat kurang menarik.
Stok produk yang saya cari kosong tetapi informasinya tidak jelas.
Rasa/kualitas oleh-oleh menurut saya menurun dibanding sebelumnya.
Antrean tidak tertata sehingga pelanggan harus menunggu terlalu lama.
Pelayanan kurang ramah dan membuat saya kurang nyaman.
Produk yang diterima tidak sesuai dengan harapan awal.
Tempat parkir sulit dan membuat kunjungan terasa merepotkan.
Penyajian kurang rapi dan perlu ditingkatkan lagi.
Harga beberapa item terasa mahal untuk kualitas yang biasa saja.
Respons pegawai lambat ketika ada keluhan dari pelanggan.
Pengalaman kali ini kurang memuaskan dan perlu banyak perbaikan.
Saya berharap kualitas dan pelayanan bisa lebih konsisten ke depannya.";2;Negatif;Oleh-oleh khas Banyumas, camilan tradisional, getuk, lanting, dan keripik;;
Soto Sutri 1 Sokaraja;Kuliner;Kecamatan Sokaraja;"soto Sokaraja di sini enak dan kualitasnya konsisten.
Pelayanannya ramah, cepat, dan membuat pelanggan nyaman.
Tempatnya bersih sehingga saya merasa nyaman saat berkunjung.
Harga masih sesuai dengan kualitas soto Sokaraja yang diberikan.
Lokasinya mudah ditemukan dan cocok untuk dikunjungi lagi.
Pilihan produknya cukup lengkap dan tertata rapi.
Pesanan saya sesuai harapan, tidak ada masalah berarti.
Karyawan memberi informasi dengan jelas dan sopan.
Pengalaman membeli soto Sokaraja di sini sangat memuaskan.
Produk yang saya beli terlihat fresh dan layak direkomendasikan.";5;Positif;Soto Sokaraja, sambal kacang, kerupuk mie, dan minuman;;
Soto Sutri 1 Sokaraja;Kuliner;Kecamatan Sokaraja;"Pelayanannya cukup baik, tetapi masih bisa dibuat lebih cepat.
Kualitas soto Sokaraja standar, tidak buruk tetapi belum terlalu istimewa.
Tempatnya cukup nyaman, namun area parkir terasa terbatas.
Harga masih wajar, tetapi beberapa menu/produk terasa agak mahal.
Pilihan produknya lumayan lengkap, hanya saja stok tertentu sering habis.
Lokasi mudah dicari, tetapi akses masuknya agak sempit saat ramai.
Rasa/kualitas soto Sokaraja cukup oke, namun belum terlalu konsisten.
Penyajian cukup rapi, tetapi waktu tunggu masih perlu diperbaiki.
Staf cukup ramah, meskipun responsnya kadang kurang cepat.
Produk sesuai deskripsi, hanya kemasannya bisa dibuat lebih menarik.
Tempatnya bersih, tetapi suasananya agak padat pada jam ramai.
Pengalaman belanja biasa saja, masih sesuai dengan ekspektasi awal.
Variasi produk cukup banyak, namun penataan rak/menu kurang jelas.
Kualitasnya masih bisa diterima, tetapi perlu peningkatan kecil.
Secara umum cukup memuaskan, walaupun belum sampai sangat bagus.
Informasi harga tersedia, tetapi sebaiknya dibuat lebih mudah dibaca.
Pesanan datang sesuai, tetapi tidak terlalu cepat.
Produk utama cukup enak/baik, namun rasa atau tampilannya biasa saja.
Tempat ini layak dicoba, tetapi masih ada beberapa hal yang perlu diperbaiki.
Saya tidak kecewa, tetapi juga belum merasa sangat puas.";3;Netral;Soto Sokaraja, sambal kacang, kerupuk mie, dan minuman;;
Soto Sutri 1 Sokaraja;Kuliner;Kecamatan Sokaraja;"Pelayanan terasa lambat dan kurang sigap saat pelanggan ramai.
Kualitas soto Sokaraja kurang sesuai dengan ekspektasi saya.
Harga terasa kurang sebanding dengan porsi atau kualitas produk.
Tempatnya kurang nyaman karena terlalu ramai dan ruangnya sempit.
Pesanan datang cukup lama sehingga pengalaman kurang menyenangkan.
Ada produk yang terlihat kurang fresh saat saya beli.
Karyawan kurang informatif ketika ditanya mengenai produk.
Kebersihan area tertentu masih perlu diperhatikan lagi.
Kemasan kurang rapi sehingga produk terlihat kurang menarik.
Stok produk yang saya cari kosong tetapi informasinya tidak jelas.
Rasa/kualitas soto Sokaraja menurut saya menurun dibanding sebelumnya.
Antrean tidak tertata sehingga pelanggan harus menunggu terlalu lama.
Pelayanan kurang ramah dan membuat saya kurang nyaman.
Produk yang diterima tidak sesuai dengan harapan awal.
Tempat parkir sulit dan membuat kunjungan terasa merepotkan.
Penyajian kurang rapi dan perlu ditingkatkan lagi.
Harga beberapa item terasa mahal untuk kualitas yang biasa saja.
Respons pegawai lambat ketika ada keluhan dari pelanggan.
Pengalaman kali ini kurang memuaskan dan perlu banyak perbaikan.
Saya berharap kualitas dan pelayanan bisa lebih konsisten ke depannya.";2;Negatif;Soto Sokaraja, sambal kacang, kerupuk mie, dan minuman;;
Bakso Pekih;Kuliner;Purwokerto;"bakso di sini enak dan kualitasnya konsisten.
Pelayanannya ramah, cepat, dan membuat pelanggan nyaman.
Tempatnya bersih sehingga saya merasa nyaman saat berkunjung.
Harga masih sesuai dengan kualitas bakso yang diberikan.
Lokasinya mudah ditemukan dan cocok untuk dikunjungi lagi.
Pilihan produknya cukup lengkap dan tertata rapi.
Pesanan saya sesuai harapan, tidak ada masalah berarti.
Karyawan memberi informasi dengan jelas dan sopan.
Pengalaman membeli bakso di sini sangat memuaskan.
Produk yang saya beli terlihat fresh dan layak direkomendasikan.";5;Positif;Bakso, mie bakso, tetelan, dan minuman;;
Bakso Pekih;Kuliner;Purwokerto;"Pelayanannya cukup baik, tetapi masih bisa dibuat lebih cepat.
Kualitas bakso standar, tidak buruk tetapi belum terlalu istimewa.
Tempatnya cukup nyaman, namun area parkir terasa terbatas.
Harga masih wajar, tetapi beberapa menu/produk terasa agak mahal.
Pilihan produknya lumayan lengkap, hanya saja stok tertentu sering habis.
Lokasi mudah dicari, tetapi akses masuknya agak sempit saat ramai.
Rasa/kualitas bakso cukup oke, namun belum terlalu konsisten.
Penyajian cukup rapi, tetapi waktu tunggu masih perlu diperbaiki.
Staf cukup ramah, meskipun responsnya kadang kurang cepat.
Produk sesuai deskripsi, hanya kemasannya bisa dibuat lebih menarik.
Tempatnya bersih, tetapi suasananya agak padat pada jam ramai.
Pengalaman belanja biasa saja, masih sesuai dengan ekspektasi awal.
Variasi produk cukup banyak, namun penataan rak/menu kurang jelas.
Kualitasnya masih bisa diterima, tetapi perlu peningkatan kecil.
Secara umum cukup memuaskan, walaupun belum sampai sangat bagus.
Informasi harga tersedia, tetapi sebaiknya dibuat lebih mudah dibaca.
Pesanan datang sesuai, tetapi tidak terlalu cepat.
Produk utama cukup enak/baik, namun rasa atau tampilannya biasa saja.
Tempat ini layak dicoba, tetapi masih ada beberapa hal yang perlu diperbaiki.
Saya tidak kecewa, tetapi juga belum merasa sangat puas.";3;Netral;Bakso, mie bakso, tetelan, dan minuman;;
Bakso Pekih;Kuliner;Purwokerto;"Pelayanan terasa lambat dan kurang sigap saat pelanggan ramai.
Kualitas bakso kurang sesuai dengan ekspektasi saya.
Harga terasa kurang sebanding dengan porsi atau kualitas produk.
Tempatnya kurang nyaman karena terlalu ramai dan ruangnya sempit.
Pesanan datang cukup lama sehingga pengalaman kurang menyenangkan.
Ada produk yang terlihat kurang fresh saat saya beli.
Karyawan kurang informatif ketika ditanya mengenai produk.
Kebersihan area tertentu masih perlu diperhatikan lagi.
Kemasan kurang rapi sehingga produk terlihat kurang menarik.
Stok produk yang saya cari kosong tetapi informasinya tidak jelas.
Rasa/kualitas bakso menurut saya menurun dibanding sebelumnya.
Antrean tidak tertata sehingga pelanggan harus menunggu terlalu lama.
Pelayanan kurang ramah dan membuat saya kurang nyaman.
Produk yang diterima tidak sesuai dengan harapan awal.
Tempat parkir sulit dan membuat kunjungan terasa merepotkan.
Penyajian kurang rapi dan perlu ditingkatkan lagi.
Harga beberapa item terasa mahal untuk kualitas yang biasa saja.
Respons pegawai lambat ketika ada keluhan dari pelanggan.
Pengalaman kali ini kurang memuaskan dan perlu banyak perbaikan.
Saya berharap kualitas dan pelayanan bisa lebih konsisten ke depannya.";2;Negatif;Bakso, mie bakso, tetelan, dan minuman;;
Bakso dan Soto Sokaraja Sami Asih;Kuliner;Purwokerto;"bakso dan soto di sini enak dan kualitasnya konsisten.
Pelayanannya ramah, cepat, dan membuat pelanggan nyaman.
Tempatnya bersih sehingga saya merasa nyaman saat berkunjung.
Harga masih sesuai dengan kualitas bakso dan soto yang diberikan.
Lokasinya mudah ditemukan dan cocok untuk dikunjungi lagi.
Pilihan produknya cukup lengkap dan tertata rapi.
Pesanan saya sesuai harapan, tidak ada masalah berarti.
Karyawan memberi informasi dengan jelas dan sopan.
Pengalaman membeli bakso dan soto di sini sangat memuaskan.
Produk yang saya beli terlihat fresh dan layak direkomendasikan.";5;Positif;Bakso, soto Sokaraja, mie, dan minuman;;
Bakso dan Soto Sokaraja Sami Asih;Kuliner;Purwokerto;"Pelayanannya cukup baik, tetapi masih bisa dibuat lebih cepat.
Kualitas bakso dan soto standar, tidak buruk tetapi belum terlalu istimewa.
Tempatnya cukup nyaman, namun area parkir terasa terbatas.
Harga masih wajar, tetapi beberapa menu/produk terasa agak mahal.
Pilihan produknya lumayan lengkap, hanya saja stok tertentu sering habis.
Lokasi mudah dicari, tetapi akses masuknya agak sempit saat ramai.
Rasa/kualitas bakso dan soto cukup oke, namun belum terlalu konsisten.
Penyajian cukup rapi, tetapi waktu tunggu masih perlu diperbaiki.
Staf cukup ramah, meskipun responsnya kadang kurang cepat.
Produk sesuai deskripsi, hanya kemasannya bisa dibuat lebih menarik.
Tempatnya bersih, tetapi suasananya agak padat pada jam ramai.
Pengalaman belanja biasa saja, masih sesuai dengan ekspektasi awal.
Variasi produk cukup banyak, namun penataan rak/menu kurang jelas.
Kualitasnya masih bisa diterima, tetapi perlu peningkatan kecil.
Secara umum cukup memuaskan, walaupun belum sampai sangat bagus.
Informasi harga tersedia, tetapi sebaiknya dibuat lebih mudah dibaca.
Pesanan datang sesuai, tetapi tidak terlalu cepat.
Produk utama cukup enak/baik, namun rasa atau tampilannya biasa saja.
Tempat ini layak dicoba, tetapi masih ada beberapa hal yang perlu diperbaiki.
Saya tidak kecewa, tetapi juga belum merasa sangat puas.";3;Netral;Bakso, soto Sokaraja, mie, dan minuman;;
Bakso dan Soto Sokaraja Sami Asih;Kuliner;Purwokerto;"Pelayanan terasa lambat dan kurang sigap saat pelanggan ramai.
Kualitas bakso dan soto kurang sesuai dengan ekspektasi saya.
Harga terasa kurang sebanding dengan porsi atau kualitas produk.
Tempatnya kurang nyaman karena terlalu ramai dan ruangnya sempit.
Pesanan datang cukup lama sehingga pengalaman kurang menyenangkan.
Ada produk yang terlihat kurang fresh saat saya beli.
Karyawan kurang informatif ketika ditanya mengenai produk.
Kebersihan area tertentu masih perlu diperhatikan lagi.
Kemasan kurang rapi sehingga produk terlihat kurang menarik.
Stok produk yang saya cari kosong tetapi informasinya tidak jelas.
Rasa/kualitas bakso dan soto menurut saya menurun dibanding sebelumnya.
Antrean tidak tertata sehingga pelanggan harus menunggu terlalu lama.
Pelayanan kurang ramah dan membuat saya kurang nyaman.
Produk yang diterima tidak sesuai dengan harapan awal.
Tempat parkir sulit dan membuat kunjungan terasa merepotkan.
Penyajian kurang rapi dan perlu ditingkatkan lagi.
Harga beberapa item terasa mahal untuk kualitas yang biasa saja.
Respons pegawai lambat ketika ada keluhan dari pelanggan.
Pengalaman kali ini kurang memuaskan dan perlu banyak perbaikan.
Saya berharap kualitas dan pelayanan bisa lebih konsisten ke depannya.";2;Negatif;Bakso, soto Sokaraja, mie, dan minuman;;
Rumah Batik Anto Djamil;Fashion;Sokaraja, Banyumas;"batik di sini enak dan kualitasnya konsisten.
Pelayanannya ramah, cepat, dan membuat pelanggan nyaman.
Tempatnya bersih sehingga saya merasa nyaman saat berkunjung.
Harga masih sesuai dengan kualitas batik yang diberikan.
Lokasinya mudah ditemukan dan cocok untuk dikunjungi lagi.
Pilihan produknya cukup lengkap dan tertata rapi.
Pesanan saya sesuai harapan, tidak ada masalah berarti.
Karyawan memberi informasi dengan jelas dan sopan.
Pengalaman membeli batik di sini sangat memuaskan.
Produk yang saya beli terlihat fresh dan layak direkomendasikan.";5;Positif;Batik Banyumasan, kain batik, pakaian jadi, dan suvenir;;
Rumah Batik Anto Djamil;Fashion;Sokaraja, Banyumas;"Pelayanannya cukup baik, tetapi masih bisa dibuat lebih cepat.
Kualitas batik standar, tidak buruk tetapi belum terlalu istimewa.
Tempatnya cukup nyaman, namun area parkir terasa terbatas.
Harga masih wajar, tetapi beberapa menu/produk terasa agak mahal.
Pilihan produknya lumayan lengkap, hanya saja stok tertentu sering habis.
Lokasi mudah dicari, tetapi akses masuknya agak sempit saat ramai.
Rasa/kualitas batik cukup oke, namun belum terlalu konsisten.
Penyajian cukup rapi, tetapi waktu tunggu masih perlu diperbaiki.
Staf cukup ramah, meskipun responsnya kadang kurang cepat.
Produk sesuai deskripsi, hanya kemasannya bisa dibuat lebih menarik.
Tempatnya bersih, tetapi suasananya agak padat pada jam ramai.
Pengalaman belanja biasa saja, masih sesuai dengan ekspektasi awal.
Variasi produk cukup banyak, namun penataan rak/menu kurang jelas.
Kualitasnya masih bisa diterima, tetapi perlu peningkatan kecil.
Secara umum cukup memuaskan, walaupun belum sampai sangat bagus.
Informasi harga tersedia, tetapi sebaiknya dibuat lebih mudah dibaca.
Pesanan datang sesuai, tetapi tidak terlalu cepat.
Produk utama cukup enak/baik, namun rasa atau tampilannya biasa saja.
Tempat ini layak dicoba, tetapi masih ada beberapa hal yang perlu diperbaiki.
Saya tidak kecewa, tetapi juga belum merasa sangat puas.";3;Netral;Batik Banyumasan, kain batik, pakaian jadi, dan suvenir;;
Rumah Batik Anto Djamil;Fashion;Sokaraja, Banyumas;"Pelayanan terasa lambat dan kurang sigap saat pelanggan ramai.
Kualitas batik kurang sesuai dengan ekspektasi saya.
Harga terasa kurang sebanding dengan porsi atau kualitas produk.
Tempatnya kurang nyaman karena terlalu ramai dan ruangnya sempit.
Pesanan datang cukup lama sehingga pengalaman kurang menyenangkan.
Ada produk yang terlihat kurang fresh saat saya beli.
Karyawan kurang informatif ketika ditanya mengenai produk.
Kebersihan area tertentu masih perlu diperhatikan lagi.
Kemasan kurang rapi sehingga produk terlihat kurang menarik.
Stok produk yang saya cari kosong tetapi informasinya tidak jelas.
Rasa/kualitas batik menurut saya menurun dibanding sebelumnya.
Antrean tidak tertata sehingga pelanggan harus menunggu terlalu lama.
Pelayanan kurang ramah dan membuat saya kurang nyaman.
Produk yang diterima tidak sesuai dengan harapan awal.
Tempat parkir sulit dan membuat kunjungan terasa merepotkan.
Penyajian kurang rapi dan perlu ditingkatkan lagi.
Harga beberapa item terasa mahal untuk kualitas yang biasa saja.
Respons pegawai lambat ketika ada keluhan dari pelanggan.
Pengalaman kali ini kurang memuaskan dan perlu banyak perbaikan.
Saya berharap kualitas dan pelayanan bisa lebih konsisten ke depannya.";2;Negatif;Batik Banyumasan, kain batik, pakaian jadi, dan suvenir;;
Oemah Daun Cafe & Resto;Kuliner;Purwokerto Selatan;"makanan dan minuman di sini enak dan kualitasnya konsisten.
Pelayanannya ramah, cepat, dan membuat pelanggan nyaman.
Tempatnya bersih sehingga saya merasa nyaman saat berkunjung.
Harga masih sesuai dengan kualitas makanan dan minuman yang diberikan.
Lokasinya mudah ditemukan dan cocok untuk dikunjungi lagi.
Pilihan produknya cukup lengkap dan tertata rapi.
Pesanan saya sesuai harapan, tidak ada masalah berarti.
Karyawan memberi informasi dengan jelas dan sopan.
Pengalaman membeli makanan dan minuman di sini sangat memuaskan.
Produk yang saya beli terlihat fresh dan layak direkomendasikan.";5;Positif;Makanan keluarga, menu nusantara, kopi, dan minuman;;
Oemah Daun Cafe & Resto;Kuliner;Purwokerto Selatan;"Pelayanannya cukup baik, tetapi masih bisa dibuat lebih cepat.
Kualitas makanan dan minuman standar, tidak buruk tetapi belum terlalu istimewa.
Tempatnya cukup nyaman, namun area parkir terasa terbatas.
Harga masih wajar, tetapi beberapa menu/produk terasa agak mahal.
Pilihan produknya lumayan lengkap, hanya saja stok tertentu sering habis.
Lokasi mudah dicari, tetapi akses masuknya agak sempit saat ramai.
Rasa/kualitas makanan dan minuman cukup oke, namun belum terlalu konsisten.
Penyajian cukup rapi, tetapi waktu tunggu masih perlu diperbaiki.
Staf cukup ramah, meskipun responsnya kadang kurang cepat.
Produk sesuai deskripsi, hanya kemasannya bisa dibuat lebih menarik.
Tempatnya bersih, tetapi suasananya agak padat pada jam ramai.
Pengalaman belanja biasa saja, masih sesuai dengan ekspektasi awal.
Variasi produk cukup banyak, namun penataan rak/menu kurang jelas.
Kualitasnya masih bisa diterima, tetapi perlu peningkatan kecil.
Secara umum cukup memuaskan, walaupun belum sampai sangat bagus.
Informasi harga tersedia, tetapi sebaiknya dibuat lebih mudah dibaca.
Pesanan datang sesuai, tetapi tidak terlalu cepat.
Produk utama cukup enak/baik, namun rasa atau tampilannya biasa saja.
Tempat ini layak dicoba, tetapi masih ada beberapa hal yang perlu diperbaiki.
Saya tidak kecewa, tetapi juga belum merasa sangat puas.";3;Netral;Makanan keluarga, menu nusantara, kopi, dan minuman;;
Oemah Daun Cafe & Resto;Kuliner;Purwokerto Selatan;"Pelayanan terasa lambat dan kurang sigap saat pelanggan ramai.
Kualitas makanan dan minuman kurang sesuai dengan ekspektasi saya.
Harga terasa kurang sebanding dengan porsi atau kualitas produk.
Tempatnya kurang nyaman karena terlalu ramai dan ruangnya sempit.
Pesanan datang cukup lama sehingga pengalaman kurang menyenangkan.
Ada produk yang terlihat kurang fresh saat saya beli.
Karyawan kurang informatif ketika ditanya mengenai produk.
Kebersihan area tertentu masih perlu diperhatikan lagi.
Kemasan kurang rapi sehingga produk terlihat kurang menarik.
Stok produk yang saya cari kosong tetapi informasinya tidak jelas.
Rasa/kualitas makanan dan minuman menurut saya menurun dibanding sebelumnya.
Antrean tidak tertata sehingga pelanggan harus menunggu terlalu lama.
Pelayanan kurang ramah dan membuat saya kurang nyaman.
Produk yang diterima tidak sesuai dengan harapan awal.
Tempat parkir sulit dan membuat kunjungan terasa merepotkan.
Penyajian kurang rapi dan perlu ditingkatkan lagi.
Harga beberapa item terasa mahal untuk kualitas yang biasa saja.
Respons pegawai lambat ketika ada keluhan dari pelanggan.
Pengalaman kali ini kurang memuaskan dan perlu banyak perbaikan.
Saya berharap kualitas dan pelayanan bisa lebih konsisten ke depannya.";2;Negatif;Makanan keluarga, menu nusantara, kopi, dan minuman;;
Awor Coffee Purwokerto;Kuliner;Purwokerto;"kopi di sini enak dan kualitasnya konsisten.
Pelayanannya ramah, cepat, dan membuat pelanggan nyaman.
Tempatnya bersih sehingga saya merasa nyaman saat berkunjung.
Harga masih sesuai dengan kualitas kopi yang diberikan.
Lokasinya mudah ditemukan dan cocok untuk dikunjungi lagi.
Pilihan produknya cukup lengkap dan tertata rapi.
Pesanan saya sesuai harapan, tidak ada masalah berarti.
Karyawan memberi informasi dengan jelas dan sopan.
Pengalaman membeli kopi di sini sangat memuaskan.
Produk yang saya beli terlihat fresh dan layak direkomendasikan.";5;Positif;Kopi, minuman espresso based, makanan ringan, dan menu kafe;;
Awor Coffee Purwokerto;Kuliner;Purwokerto;"Pelayanannya cukup baik, tetapi masih bisa dibuat lebih cepat.
Kualitas kopi standar, tidak buruk tetapi belum terlalu istimewa.
Tempatnya cukup nyaman, namun area parkir terasa terbatas.
Harga masih wajar, tetapi beberapa menu/produk terasa agak mahal.
Pilihan produknya lumayan lengkap, hanya saja stok tertentu sering habis.
Lokasi mudah dicari, tetapi akses masuknya agak sempit saat ramai.
Rasa/kualitas kopi cukup oke, namun belum terlalu konsisten.
Penyajian cukup rapi, tetapi waktu tunggu masih perlu diperbaiki.
Staf cukup ramah, meskipun responsnya kadang kurang cepat.
Produk sesuai deskripsi, hanya kemasannya bisa dibuat lebih menarik.
Tempatnya bersih, tetapi suasananya agak padat pada jam ramai.
Pengalaman belanja biasa saja, masih sesuai dengan ekspektasi awal.
Variasi produk cukup banyak, namun penataan rak/menu kurang jelas.
Kualitasnya masih bisa diterima, tetapi perlu peningkatan kecil.
Secara umum cukup memuaskan, walaupun belum sampai sangat bagus.
Informasi harga tersedia, tetapi sebaiknya dibuat lebih mudah dibaca.
Pesanan datang sesuai, tetapi tidak terlalu cepat.
Produk utama cukup enak/baik, namun rasa atau tampilannya biasa saja.
Tempat ini layak dicoba, tetapi masih ada beberapa hal yang perlu diperbaiki.
Saya tidak kecewa, tetapi juga belum merasa sangat puas.";3;Netral;Kopi, minuman espresso based, makanan ringan, dan menu kafe;;
Awor Coffee Purwokerto;Kuliner;Purwokerto;"Pelayanan terasa lambat dan kurang sigap saat pelanggan ramai.
Kualitas kopi kurang sesuai dengan ekspektasi saya.
Harga terasa kurang sebanding dengan porsi atau kualitas produk.
Tempatnya kurang nyaman karena terlalu ramai dan ruangnya sempit.
Pesanan datang cukup lama sehingga pengalaman kurang menyenangkan.
Ada produk yang terlihat kurang fresh saat saya beli.
Karyawan kurang informatif ketika ditanya mengenai produk.
Kebersihan area tertentu masih perlu diperhatikan lagi.
Kemasan kurang rapi sehingga produk terlihat kurang menarik.
Stok produk yang saya cari kosong tetapi informasinya tidak jelas.
Rasa/kualitas kopi menurut saya menurun dibanding sebelumnya.
Antrean tidak tertata sehingga pelanggan harus menunggu terlalu lama.
Pelayanan kurang ramah dan membuat saya kurang nyaman.
Produk yang diterima tidak sesuai dengan harapan awal.
Tempat parkir sulit dan membuat kunjungan terasa merepotkan.
Penyajian kurang rapi dan perlu ditingkatkan lagi.
Harga beberapa item terasa mahal untuk kualitas yang biasa saja.
Respons pegawai lambat ketika ada keluhan dari pelanggan.
Pengalaman kali ini kurang memuaskan dan perlu banyak perbaikan.
Saya berharap kualitas dan pelayanan bisa lebih konsisten ke depannya.";2;Negatif;Kopi, minuman espresso based, makanan ringan, dan menu kafe;;
Quattro Cafe Purwokerto;Kuliner;Purwokerto Timur;"menu kafe di sini enak dan kualitasnya konsisten.
Pelayanannya ramah, cepat, dan membuat pelanggan nyaman.
Tempatnya bersih sehingga saya merasa nyaman saat berkunjung.
Harga masih sesuai dengan kualitas menu kafe yang diberikan.
Lokasinya mudah ditemukan dan cocok untuk dikunjungi lagi.
Pilihan produknya cukup lengkap dan tertata rapi.
Pesanan saya sesuai harapan, tidak ada masalah berarti.
Karyawan memberi informasi dengan jelas dan sopan.
Pengalaman membeli menu kafe di sini sangat memuaskan.
Produk yang saya beli terlihat fresh dan layak direkomendasikan.";5;Positif;Pizza, pasta, kopi, makanan barat, dan minuman;;
Quattro Cafe Purwokerto;Kuliner;Purwokerto Timur;"Pelayanannya cukup baik, tetapi masih bisa dibuat lebih cepat.
Kualitas menu kafe standar, tidak buruk tetapi belum terlalu istimewa.
Tempatnya cukup nyaman, namun area parkir terasa terbatas.
Harga masih wajar, tetapi beberapa menu/produk terasa agak mahal.
Pilihan produknya lumayan lengkap, hanya saja stok tertentu sering habis.
Lokasi mudah dicari, tetapi akses masuknya agak sempit saat ramai.
Rasa/kualitas menu kafe cukup oke, namun belum terlalu konsisten.
Penyajian cukup rapi, tetapi waktu tunggu masih perlu diperbaiki.
Staf cukup ramah, meskipun responsnya kadang kurang cepat.
Produk sesuai deskripsi, hanya kemasannya bisa dibuat lebih menarik.
Tempatnya bersih, tetapi suasananya agak padat pada jam ramai.
Pengalaman belanja biasa saja, masih sesuai dengan ekspektasi awal.
Variasi produk cukup banyak, namun penataan rak/menu kurang jelas.
Kualitasnya masih bisa diterima, tetapi perlu peningkatan kecil.
Secara umum cukup memuaskan, walaupun belum sampai sangat bagus.
Informasi harga tersedia, tetapi sebaiknya dibuat lebih mudah dibaca.
Pesanan datang sesuai, tetapi tidak terlalu cepat.
Produk utama cukup enak/baik, namun rasa atau tampilannya biasa saja.
Tempat ini layak dicoba, tetapi masih ada beberapa hal yang perlu diperbaiki.
Saya tidak kecewa, tetapi juga belum merasa sangat puas.";3;Netral;Pizza, pasta, kopi, makanan barat, dan minuman;;
Quattro Cafe Purwokerto;Kuliner;Purwokerto Timur;"Pelayanan terasa lambat dan kurang sigap saat pelanggan ramai.
Kualitas menu kafe kurang sesuai dengan ekspektasi saya.
Harga terasa kurang sebanding dengan porsi atau kualitas produk.
Tempatnya kurang nyaman karena terlalu ramai dan ruangnya sempit.
Pesanan datang cukup lama sehingga pengalaman kurang menyenangkan.
Ada produk yang terlihat kurang fresh saat saya beli.
Karyawan kurang informatif ketika ditanya mengenai produk.
Kebersihan area tertentu masih perlu diperhatikan lagi.
Kemasan kurang rapi sehingga produk terlihat kurang menarik.
Stok produk yang saya cari kosong tetapi informasinya tidak jelas.
Rasa/kualitas menu kafe menurut saya menurun dibanding sebelumnya.
Antrean tidak tertata sehingga pelanggan harus menunggu terlalu lama.
Pelayanan kurang ramah dan membuat saya kurang nyaman.
Produk yang diterima tidak sesuai dengan harapan awal.
Tempat parkir sulit dan membuat kunjungan terasa merepotkan.
Penyajian kurang rapi dan perlu ditingkatkan lagi.
Harga beberapa item terasa mahal untuk kualitas yang biasa saja.
Respons pegawai lambat ketika ada keluhan dari pelanggan.
Pengalaman kali ini kurang memuaskan dan perlu banyak perbaikan.
Saya berharap kualitas dan pelayanan bisa lebih konsisten ke depannya.";2;Negatif;Pizza, pasta, kopi, makanan barat, dan minuman;;
Raja Soto Lama H. Suradi;Kuliner;Purwokerto;"soto di sini enak dan kualitasnya konsisten.
Pelayanannya ramah, cepat, dan membuat pelanggan nyaman.
Tempatnya bersih sehingga saya merasa nyaman saat berkunjung.
Harga masih sesuai dengan kualitas soto yang diberikan.
Lokasinya mudah ditemukan dan cocok untuk dikunjungi lagi.
Pilihan produknya cukup lengkap dan tertata rapi.
Pesanan saya sesuai harapan, tidak ada masalah berarti.
Karyawan memberi informasi dengan jelas dan sopan.
Pengalaman membeli soto di sini sangat memuaskan.
Produk yang saya beli terlihat fresh dan layak direkomendasikan.";5;Positif;Soto, makanan khas Purwokerto, dan minuman;;
Raja Soto Lama H. Suradi;Kuliner;Purwokerto;"Pelayanannya cukup baik, tetapi masih bisa dibuat lebih cepat.
Kualitas soto standar, tidak buruk tetapi belum terlalu istimewa.
Tempatnya cukup nyaman, namun area parkir terasa terbatas.
Harga masih wajar, tetapi beberapa menu/produk terasa agak mahal.
Pilihan produknya lumayan lengkap, hanya saja stok tertentu sering habis.
Lokasi mudah dicari, tetapi akses masuknya agak sempit saat ramai.
Rasa/kualitas soto cukup oke, namun belum terlalu konsisten.
Penyajian cukup rapi, tetapi waktu tunggu masih perlu diperbaiki.
Staf cukup ramah, meskipun responsnya kadang kurang cepat.
Produk sesuai deskripsi, hanya kemasannya bisa dibuat lebih menarik.
Tempatnya bersih, tetapi suasananya agak padat pada jam ramai.
Pengalaman belanja biasa saja, masih sesuai dengan ekspektasi awal.
Variasi produk cukup banyak, namun penataan rak/menu kurang jelas.
Kualitasnya masih bisa diterima, tetapi perlu peningkatan kecil.
Secara umum cukup memuaskan, walaupun belum sampai sangat bagus.
Informasi harga tersedia, tetapi sebaiknya dibuat lebih mudah dibaca.
Pesanan datang sesuai, tetapi tidak terlalu cepat.
Produk utama cukup enak/baik, namun rasa atau tampilannya biasa saja.
Tempat ini layak dicoba, tetapi masih ada beberapa hal yang perlu diperbaiki.
Saya tidak kecewa, tetapi juga belum merasa sangat puas.";3;Netral;Soto, makanan khas Purwokerto, dan minuman;;
Raja Soto Lama H. Suradi;Kuliner;Purwokerto;"Pelayanan terasa lambat dan kurang sigap saat pelanggan ramai.
Kualitas soto kurang sesuai dengan ekspektasi saya.
Harga terasa kurang sebanding dengan porsi atau kualitas produk.
Tempatnya kurang nyaman karena terlalu ramai dan ruangnya sempit.
Pesanan datang cukup lama sehingga pengalaman kurang menyenangkan.
Ada produk yang terlihat kurang fresh saat saya beli.
Karyawan kurang informatif ketika ditanya mengenai produk.
Kebersihan area tertentu masih perlu diperhatikan lagi.
Kemasan kurang rapi sehingga produk terlihat kurang menarik.
Stok produk yang saya cari kosong tetapi informasinya tidak jelas.
Rasa/kualitas soto menurut saya menurun dibanding sebelumnya.
Antrean tidak tertata sehingga pelanggan harus menunggu terlalu lama.
Pelayanan kurang ramah dan membuat saya kurang nyaman.
Produk yang diterima tidak sesuai dengan harapan awal.
Tempat parkir sulit dan membuat kunjungan terasa merepotkan.
Penyajian kurang rapi dan perlu ditingkatkan lagi.
Harga beberapa item terasa mahal untuk kualitas yang biasa saja.
Respons pegawai lambat ketika ada keluhan dari pelanggan.
Pengalaman kali ini kurang memuaskan dan perlu banyak perbaikan.
Saya berharap kualitas dan pelayanan bisa lebih konsisten ke depannya.";2;Negatif;Soto, makanan khas Purwokerto, dan minuman;;
Empal Kupat Banyumasan;Kuliner;Purwokerto Timur;"empal kupat di sini enak dan kualitasnya konsisten.
Pelayanannya ramah, cepat, dan membuat pelanggan nyaman.
Tempatnya bersih sehingga saya merasa nyaman saat berkunjung.
Harga masih sesuai dengan kualitas empal kupat yang diberikan.
Lokasinya mudah ditemukan dan cocok untuk dikunjungi lagi.
Pilihan produknya cukup lengkap dan tertata rapi.
Pesanan saya sesuai harapan, tidak ada masalah berarti.
Karyawan memberi informasi dengan jelas dan sopan.
Pengalaman membeli empal kupat di sini sangat memuaskan.
Produk yang saya beli terlihat fresh dan layak direkomendasikan.";5;Positif;Empal kupat, sate, nasi, dan menu cepat saji;;
Empal Kupat Banyumasan;Kuliner;Purwokerto Timur;"Pelayanannya cukup baik, tetapi masih bisa dibuat lebih cepat.
Kualitas empal kupat standar, tidak buruk tetapi belum terlalu istimewa.
Tempatnya cukup nyaman, namun area parkir terasa terbatas.
Harga masih wajar, tetapi beberapa menu/produk terasa agak mahal.
Pilihan produknya lumayan lengkap, hanya saja stok tertentu sering habis.
Lokasi mudah dicari, tetapi akses masuknya agak sempit saat ramai.
Rasa/kualitas empal kupat cukup oke, namun belum terlalu konsisten.
Penyajian cukup rapi, tetapi waktu tunggu masih perlu diperbaiki.
Staf cukup ramah, meskipun responsnya kadang kurang cepat.
Produk sesuai deskripsi, hanya kemasannya bisa dibuat lebih menarik.
Tempatnya bersih, tetapi suasananya agak padat pada jam ramai.
Pengalaman belanja biasa saja, masih sesuai dengan ekspektasi awal.
Variasi produk cukup banyak, namun penataan rak/menu kurang jelas.
Kualitasnya masih bisa diterima, tetapi perlu peningkatan kecil.
Secara umum cukup memuaskan, walaupun belum sampai sangat bagus.
Informasi harga tersedia, tetapi sebaiknya dibuat lebih mudah dibaca.
Pesanan datang sesuai, tetapi tidak terlalu cepat.
Produk utama cukup enak/baik, namun rasa atau tampilannya biasa saja.
Tempat ini layak dicoba, tetapi masih ada beberapa hal yang perlu diperbaiki.
Saya tidak kecewa, tetapi juga belum merasa sangat puas.";3;Netral;Empal kupat, sate, nasi, dan menu cepat saji;;
Empal Kupat Banyumasan;Kuliner;Purwokerto Timur;"Pelayanan terasa lambat dan kurang sigap saat pelanggan ramai.
Kualitas empal kupat kurang sesuai dengan ekspektasi saya.
Harga terasa kurang sebanding dengan porsi atau kualitas produk.
Tempatnya kurang nyaman karena terlalu ramai dan ruangnya sempit.
Pesanan datang cukup lama sehingga pengalaman kurang menyenangkan.
Ada produk yang terlihat kurang fresh saat saya beli.
Karyawan kurang informatif ketika ditanya mengenai produk.
Kebersihan area tertentu masih perlu diperhatikan lagi.
Kemasan kurang rapi sehingga produk terlihat kurang menarik.
Stok produk yang saya cari kosong tetapi informasinya tidak jelas.
Rasa/kualitas empal kupat menurut saya menurun dibanding sebelumnya.
Antrean tidak tertata sehingga pelanggan harus menunggu terlalu lama.
Pelayanan kurang ramah dan membuat saya kurang nyaman.
Produk yang diterima tidak sesuai dengan harapan awal.
Tempat parkir sulit dan membuat kunjungan terasa merepotkan.
Penyajian kurang rapi dan perlu ditingkatkan lagi.
Harga beberapa item terasa mahal untuk kualitas yang biasa saja.
Respons pegawai lambat ketika ada keluhan dari pelanggan.
Pengalaman kali ini kurang memuaskan dan perlu banyak perbaikan.
Saya berharap kualitas dan pelayanan bisa lebih konsisten ke depannya.";2;Negatif;Empal kupat, sate, nasi, dan menu cepat saji;;
Ayam Gepruk Sambel Obong;Kuliner;Purwokerto;"ayam gepruk di sini enak dan kualitasnya konsisten.
Pelayanannya ramah, cepat, dan membuat pelanggan nyaman.
Tempatnya bersih sehingga saya merasa nyaman saat berkunjung.
Harga masih sesuai dengan kualitas ayam gepruk yang diberikan.
Lokasinya mudah ditemukan dan cocok untuk dikunjungi lagi.
Pilihan produknya cukup lengkap dan tertata rapi.
Pesanan saya sesuai harapan, tidak ada masalah berarti.
Karyawan memberi informasi dengan jelas dan sopan.
Pengalaman membeli ayam gepruk di sini sangat memuaskan.
Produk yang saya beli terlihat fresh dan layak direkomendasikan.";5;Positif;Ayam gepruk, sambal, tahu, tempe, dan lauk tambahan;;
Ayam Gepruk Sambel Obong;Kuliner;Purwokerto;"Pelayanannya cukup baik, tetapi masih bisa dibuat lebih cepat.
Kualitas ayam gepruk standar, tidak buruk tetapi belum terlalu istimewa.
Tempatnya cukup nyaman, namun area parkir terasa terbatas.
Harga masih wajar, tetapi beberapa menu/produk terasa agak mahal.
Pilihan produknya lumayan lengkap, hanya saja stok tertentu sering habis.
Lokasi mudah dicari, tetapi akses masuknya agak sempit saat ramai.
Rasa/kualitas ayam gepruk cukup oke, namun belum terlalu konsisten.
Penyajian cukup rapi, tetapi waktu tunggu masih perlu diperbaiki.
Staf cukup ramah, meskipun responsnya kadang kurang cepat.
Produk sesuai deskripsi, hanya kemasannya bisa dibuat lebih menarik.
Tempatnya bersih, tetapi suasananya agak padat pada jam ramai.
Pengalaman belanja biasa saja, masih sesuai dengan ekspektasi awal.
Variasi produk cukup banyak, namun penataan rak/menu kurang jelas.
Kualitasnya masih bisa diterima, tetapi perlu peningkatan kecil.
Secara umum cukup memuaskan, walaupun belum sampai sangat bagus.
Informasi harga tersedia, tetapi sebaiknya dibuat lebih mudah dibaca.
Pesanan datang sesuai, tetapi tidak terlalu cepat.
Produk utama cukup enak/baik, namun rasa atau tampilannya biasa saja.
Tempat ini layak dicoba, tetapi masih ada beberapa hal yang perlu diperbaiki.
Saya tidak kecewa, tetapi juga belum merasa sangat puas.";3;Netral;Ayam gepruk, sambal, tahu, tempe, dan lauk tambahan;;
Ayam Gepruk Sambel Obong;Kuliner;Purwokerto;"Pelayanan terasa lambat dan kurang sigap saat pelanggan ramai.
Kualitas ayam gepruk kurang sesuai dengan ekspektasi saya.
Harga terasa kurang sebanding dengan porsi atau kualitas produk.
Tempatnya kurang nyaman karena terlalu ramai dan ruangnya sempit.
Pesanan datang cukup lama sehingga pengalaman kurang menyenangkan.
Ada produk yang terlihat kurang fresh saat saya beli.
Karyawan kurang informatif ketika ditanya mengenai produk.
Kebersihan area tertentu masih perlu diperhatikan lagi.
Kemasan kurang rapi sehingga produk terlihat kurang menarik.
Stok produk yang saya cari kosong tetapi informasinya tidak jelas.
Rasa/kualitas ayam gepruk menurut saya menurun dibanding sebelumnya.
Antrean tidak tertata sehingga pelanggan harus menunggu terlalu lama.
Pelayanan kurang ramah dan membuat saya kurang nyaman.
Produk yang diterima tidak sesuai dengan harapan awal.
Tempat parkir sulit dan membuat kunjungan terasa merepotkan.
Penyajian kurang rapi dan perlu ditingkatkan lagi.
Harga beberapa item terasa mahal untuk kualitas yang biasa saja.
Respons pegawai lambat ketika ada keluhan dari pelanggan.
Pengalaman kali ini kurang memuaskan dan perlu banyak perbaikan.
Saya berharap kualitas dan pelayanan bisa lebih konsisten ke depannya.";2;Negatif;Ayam gepruk, sambal, tahu, tempe, dan lauk tambahan;;
Batik Banyumasan Hadi Priyanto;Fashion;Banyumas;"batik di sini enak dan kualitasnya konsisten.
Pelayanannya ramah, cepat, dan membuat pelanggan nyaman.
Tempatnya bersih sehingga saya merasa nyaman saat berkunjung.
Harga masih sesuai dengan kualitas batik yang diberikan.
Lokasinya mudah ditemukan dan cocok untuk dikunjungi lagi.
Pilihan produknya cukup lengkap dan tertata rapi.
Pesanan saya sesuai harapan, tidak ada masalah berarti.
Karyawan memberi informasi dengan jelas dan sopan.
Pengalaman membeli batik di sini sangat memuaskan.
Produk yang saya beli terlihat fresh dan layak direkomendasikan.";5;Positif;Kain batik Banyumasan, pakaian batik, dan produk tekstil lokal;;
Batik Banyumasan Hadi Priyanto;Fashion;Banyumas;"Pelayanannya cukup baik, tetapi masih bisa dibuat lebih cepat.
Kualitas batik standar, tidak buruk tetapi belum terlalu istimewa.
Tempatnya cukup nyaman, namun area parkir terasa terbatas.
Harga masih wajar, tetapi beberapa menu/produk terasa agak mahal.
Pilihan produknya lumayan lengkap, hanya saja stok tertentu sering habis.
Lokasi mudah dicari, tetapi akses masuknya agak sempit saat ramai.
Rasa/kualitas batik cukup oke, namun belum terlalu konsisten.
Penyajian cukup rapi, tetapi waktu tunggu masih perlu diperbaiki.
Staf cukup ramah, meskipun responsnya kadang kurang cepat.
Produk sesuai deskripsi, hanya kemasannya bisa dibuat lebih menarik.
Tempatnya bersih, tetapi suasananya agak padat pada jam ramai.
Pengalaman belanja biasa saja, masih sesuai dengan ekspektasi awal.
Variasi produk cukup banyak, namun penataan rak/menu kurang jelas.
Kualitasnya masih bisa diterima, tetapi perlu peningkatan kecil.
Secara umum cukup memuaskan, walaupun belum sampai sangat bagus.
Informasi harga tersedia, tetapi sebaiknya dibuat lebih mudah dibaca.
Pesanan datang sesuai, tetapi tidak terlalu cepat.
Produk utama cukup enak/baik, namun rasa atau tampilannya biasa saja.
Tempat ini layak dicoba, tetapi masih ada beberapa hal yang perlu diperbaiki.
Saya tidak kecewa, tetapi juga belum merasa sangat puas.";3;Netral;Kain batik Banyumasan, pakaian batik, dan produk tekstil lokal;;
Batik Banyumasan Hadi Priyanto;Fashion;Banyumas;"Pelayanan terasa lambat dan kurang sigap saat pelanggan ramai.
Kualitas batik kurang sesuai dengan ekspektasi saya.
Harga terasa kurang sebanding dengan porsi atau kualitas produk.
Tempatnya kurang nyaman karena terlalu ramai dan ruangnya sempit.
Pesanan datang cukup lama sehingga pengalaman kurang menyenangkan.
Ada produk yang terlihat kurang fresh saat saya beli.
Karyawan kurang informatif ketika ditanya mengenai produk.
Kebersihan area tertentu masih perlu diperhatikan lagi.
Kemasan kurang rapi sehingga produk terlihat kurang menarik.
Stok produk yang saya cari kosong tetapi informasinya tidak jelas.
Rasa/kualitas batik menurut saya menurun dibanding sebelumnya.
Antrean tidak tertata sehingga pelanggan harus menunggu terlalu lama.
Pelayanan kurang ramah dan membuat saya kurang nyaman.
Produk yang diterima tidak sesuai dengan harapan awal.
Tempat parkir sulit dan membuat kunjungan terasa merepotkan.
Penyajian kurang rapi dan perlu ditingkatkan lagi.
Harga beberapa item terasa mahal untuk kualitas yang biasa saja.
Respons pegawai lambat ketika ada keluhan dari pelanggan.
Pengalaman kali ini kurang memuaskan dan perlu banyak perbaikan.
Saya berharap kualitas dan pelayanan bisa lebih konsisten ke depannya.";2;Negatif;Kain batik Banyumasan, pakaian batik, dan produk tekstil lokal;;
Batik Benang Raja;Fashion;Banyumas;"batik di sini enak dan kualitasnya konsisten.
Pelayanannya ramah, cepat, dan membuat pelanggan nyaman.
Tempatnya bersih sehingga saya merasa nyaman saat berkunjung.
Harga masih sesuai dengan kualitas batik yang diberikan.
Lokasinya mudah ditemukan dan cocok untuk dikunjungi lagi.
Pilihan produknya cukup lengkap dan tertata rapi.
Pesanan saya sesuai harapan, tidak ada masalah berarti.
Karyawan memberi informasi dengan jelas dan sopan.
Pengalaman membeli batik di sini sangat memuaskan.
Produk yang saya beli terlihat fresh dan layak direkomendasikan.";5;Positif;Batik, kain, pakaian, dan produk fashion lokal;;
Batik Benang Raja;Fashion;Banyumas;"Pelayanannya cukup baik, tetapi masih bisa dibuat lebih cepat.
Kualitas batik standar, tidak buruk tetapi belum terlalu istimewa.
Tempatnya cukup nyaman, namun area parkir terasa terbatas.
Harga masih wajar, tetapi beberapa menu/produk terasa agak mahal.
Pilihan produknya lumayan lengkap, hanya saja stok tertentu sering habis.
Lokasi mudah dicari, tetapi akses masuknya agak sempit saat ramai.
Rasa/kualitas batik cukup oke, namun belum terlalu konsisten.
Penyajian cukup rapi, tetapi waktu tunggu masih perlu diperbaiki.
Staf cukup ramah, meskipun responsnya kadang kurang cepat.
Produk sesuai deskripsi, hanya kemasannya bisa dibuat lebih menarik.
Tempatnya bersih, tetapi suasananya agak padat pada jam ramai.
Pengalaman belanja biasa saja, masih sesuai dengan ekspektasi awal.
Variasi produk cukup banyak, namun penataan rak/menu kurang jelas.
Kualitasnya masih bisa diterima, tetapi perlu peningkatan kecil.
Secara umum cukup memuaskan, walaupun belum sampai sangat bagus.
Informasi harga tersedia, tetapi sebaiknya dibuat lebih mudah dibaca.
Pesanan datang sesuai, tetapi tidak terlalu cepat.
Produk utama cukup enak/baik, namun rasa atau tampilannya biasa saja.
Tempat ini layak dicoba, tetapi masih ada beberapa hal yang perlu diperbaiki.
Saya tidak kecewa, tetapi juga belum merasa sangat puas.";3;Netral;Batik, kain, pakaian, dan produk fashion lokal;;
Batik Benang Raja;Fashion;Banyumas;"Pelayanan terasa lambat dan kurang sigap saat pelanggan ramai.
Kualitas batik kurang sesuai dengan ekspektasi saya.
Harga terasa kurang sebanding dengan porsi atau kualitas produk.
Tempatnya kurang nyaman karena terlalu ramai dan ruangnya sempit.
Pesanan datang cukup lama sehingga pengalaman kurang menyenangkan.
Ada produk yang terlihat kurang fresh saat saya beli.
Karyawan kurang informatif ketika ditanya mengenai produk.
Kebersihan area tertentu masih perlu diperhatikan lagi.
Kemasan kurang rapi sehingga produk terlihat kurang menarik.
Stok produk yang saya cari kosong tetapi informasinya tidak jelas.
Rasa/kualitas batik menurut saya menurun dibanding sebelumnya.
Antrean tidak tertata sehingga pelanggan harus menunggu terlalu lama.
Pelayanan kurang ramah dan membuat saya kurang nyaman.
Produk yang diterima tidak sesuai dengan harapan awal.
Tempat parkir sulit dan membuat kunjungan terasa merepotkan.
Penyajian kurang rapi dan perlu ditingkatkan lagi.
Harga beberapa item terasa mahal untuk kualitas yang biasa saja.
Respons pegawai lambat ketika ada keluhan dari pelanggan.
Pengalaman kali ini kurang memuaskan dan perlu banyak perbaikan.
Saya berharap kualitas dan pelayanan bisa lebih konsisten ke depannya.";2;Negatif;Batik, kain, pakaian, dan produk fashion lokal;;
Batik I'ah;Fashion;Banyumas;"batik di sini enak dan kualitasnya konsisten.
Pelayanannya ramah, cepat, dan membuat pelanggan nyaman.
Tempatnya bersih sehingga saya merasa nyaman saat berkunjung.
Harga masih sesuai dengan kualitas batik yang diberikan.
Lokasinya mudah ditemukan dan cocok untuk dikunjungi lagi.
Pilihan produknya cukup lengkap dan tertata rapi.
Pesanan saya sesuai harapan, tidak ada masalah berarti.
Karyawan memberi informasi dengan jelas dan sopan.
Pengalaman membeli batik di sini sangat memuaskan.
Produk yang saya beli terlihat fresh dan layak direkomendasikan.";5;Positif;Produk batik lokal, kain batik, dan pakaian batik;;
Batik I'ah;Fashion;Banyumas;"Pelayanannya cukup baik, tetapi masih bisa dibuat lebih cepat.
Kualitas batik standar, tidak buruk tetapi belum terlalu istimewa.
Tempatnya cukup nyaman, namun area parkir terasa terbatas.
Harga masih wajar, tetapi beberapa menu/produk terasa agak mahal.
Pilihan produknya lumayan lengkap, hanya saja stok tertentu sering habis.
Lokasi mudah dicari, tetapi akses masuknya agak sempit saat ramai.
Rasa/kualitas batik cukup oke, namun belum terlalu konsisten.
Penyajian cukup rapi, tetapi waktu tunggu masih perlu diperbaiki.
Staf cukup ramah, meskipun responsnya kadang kurang cepat.
Produk sesuai deskripsi, hanya kemasannya bisa dibuat lebih menarik.
Tempatnya bersih, tetapi suasananya agak padat pada jam ramai.
Pengalaman belanja biasa saja, masih sesuai dengan ekspektasi awal.
Variasi produk cukup banyak, namun penataan rak/menu kurang jelas.
Kualitasnya masih bisa diterima, tetapi perlu peningkatan kecil.
Secara umum cukup memuaskan, walaupun belum sampai sangat bagus.
Informasi harga tersedia, tetapi sebaiknya dibuat lebih mudah dibaca.
Pesanan datang sesuai, tetapi tidak terlalu cepat.
Produk utama cukup enak/baik, namun rasa atau tampilannya biasa saja.
Tempat ini layak dicoba, tetapi masih ada beberapa hal yang perlu diperbaiki.
Saya tidak kecewa, tetapi juga belum merasa sangat puas.";3;Netral;Produk batik lokal, kain batik, dan pakaian batik;;
Batik I'ah;Fashion;Banyumas;"Pelayanan terasa lambat dan kurang sigap saat pelanggan ramai.
Kualitas batik kurang sesuai dengan ekspektasi saya.
Harga terasa kurang sebanding dengan porsi atau kualitas produk.
Tempatnya kurang nyaman karena terlalu ramai dan ruangnya sempit.
Pesanan datang cukup lama sehingga pengalaman kurang menyenangkan.
Ada produk yang terlihat kurang fresh saat saya beli.
Karyawan kurang informatif ketika ditanya mengenai produk.
Kebersihan area tertentu masih perlu diperhatikan lagi.
Kemasan kurang rapi sehingga produk terlihat kurang menarik.
Stok produk yang saya cari kosong tetapi informasinya tidak jelas.
Rasa/kualitas batik menurut saya menurun dibanding sebelumnya.
Antrean tidak tertata sehingga pelanggan harus menunggu terlalu lama.
Pelayanan kurang ramah dan membuat saya kurang nyaman.
Produk yang diterima tidak sesuai dengan harapan awal.
Tempat parkir sulit dan membuat kunjungan terasa merepotkan.
Penyajian kurang rapi dan perlu ditingkatkan lagi.
Harga beberapa item terasa mahal untuk kualitas yang biasa saja.
Respons pegawai lambat ketika ada keluhan dari pelanggan.
Pengalaman kali ini kurang memuaskan dan perlu banyak perbaikan.
Saya berharap kualitas dan pelayanan bisa lebih konsisten ke depannya.";2;Negatif;Produk batik lokal, kain batik, dan pakaian batik;;
Batik Laras;Fashion;Banyumas;"batik di sini enak dan kualitasnya konsisten.
Pelayanannya ramah, cepat, dan membuat pelanggan nyaman.
Tempatnya bersih sehingga saya merasa nyaman saat berkunjung.
Harga masih sesuai dengan kualitas batik yang diberikan.
Lokasinya mudah ditemukan dan cocok untuk dikunjungi lagi.
Pilihan produknya cukup lengkap dan tertata rapi.
Pesanan saya sesuai harapan, tidak ada masalah berarti.
Karyawan memberi informasi dengan jelas dan sopan.
Pengalaman membeli batik di sini sangat memuaskan.
Produk yang saya beli terlihat fresh dan layak direkomendasikan.";5;Positif;Batik, kain, pakaian, dan suvenir berbahan kain;;
Batik Laras;Fashion;Banyumas;"Pelayanannya cukup baik, tetapi masih bisa dibuat lebih cepat.
Kualitas batik standar, tidak buruk tetapi belum terlalu istimewa.
Tempatnya cukup nyaman, namun area parkir terasa terbatas.
Harga masih wajar, tetapi beberapa menu/produk terasa agak mahal.
Pilihan produknya lumayan lengkap, hanya saja stok tertentu sering habis.
Lokasi mudah dicari, tetapi akses masuknya agak sempit saat ramai.
Rasa/kualitas batik cukup oke, namun belum terlalu konsisten.
Penyajian cukup rapi, tetapi waktu tunggu masih perlu diperbaiki.
Staf cukup ramah, meskipun responsnya kadang kurang cepat.
Produk sesuai deskripsi, hanya kemasannya bisa dibuat lebih menarik.
Tempatnya bersih, tetapi suasananya agak padat pada jam ramai.
Pengalaman belanja biasa saja, masih sesuai dengan ekspektasi awal.
Variasi produk cukup banyak, namun penataan rak/menu kurang jelas.
Kualitasnya masih bisa diterima, tetapi perlu peningkatan kecil.
Secara umum cukup memuaskan, walaupun belum sampai sangat bagus.
Informasi harga tersedia, tetapi sebaiknya dibuat lebih mudah dibaca.
Pesanan datang sesuai, tetapi tidak terlalu cepat.
Produk utama cukup enak/baik, namun rasa atau tampilannya biasa saja.
Tempat ini layak dicoba, tetapi masih ada beberapa hal yang perlu diperbaiki.
Saya tidak kecewa, tetapi juga belum merasa sangat puas.";3;Netral;Batik, kain, pakaian, dan suvenir berbahan kain;;
Batik Laras;Fashion;Banyumas;"Pelayanan terasa lambat dan kurang sigap saat pelanggan ramai.
Kualitas batik kurang sesuai dengan ekspektasi saya.
Harga terasa kurang sebanding dengan porsi atau kualitas produk.
Tempatnya kurang nyaman karena terlalu ramai dan ruangnya sempit.
Pesanan datang cukup lama sehingga pengalaman kurang menyenangkan.
Ada produk yang terlihat kurang fresh saat saya beli.
Karyawan kurang informatif ketika ditanya mengenai produk.
Kebersihan area tertentu masih perlu diperhatikan lagi.
Kemasan kurang rapi sehingga produk terlihat kurang menarik.
Stok produk yang saya cari kosong tetapi informasinya tidak jelas.
Rasa/kualitas batik menurut saya menurun dibanding sebelumnya.
Antrean tidak tertata sehingga pelanggan harus menunggu terlalu lama.
Pelayanan kurang ramah dan membuat saya kurang nyaman.
Produk yang diterima tidak sesuai dengan harapan awal.
Tempat parkir sulit dan membuat kunjungan terasa merepotkan.
Penyajian kurang rapi dan perlu ditingkatkan lagi.
Harga beberapa item terasa mahal untuk kualitas yang biasa saja.
Respons pegawai lambat ketika ada keluhan dari pelanggan.
Pengalaman kali ini kurang memuaskan dan perlu banyak perbaikan.
Saya berharap kualitas dan pelayanan bisa lebih konsisten ke depannya.";2;Negatif;Batik, kain, pakaian, dan suvenir berbahan kain;;
Toko Roti Go Purwokerto;Kuliner;Purwokerto;"roti dan kue di sini enak dan kualitasnya konsisten.
Pelayanannya ramah, cepat, dan membuat pelanggan nyaman.
Tempatnya bersih sehingga saya merasa nyaman saat berkunjung.
Harga masih sesuai dengan kualitas roti dan kue yang diberikan.
Lokasinya mudah ditemukan dan cocok untuk dikunjungi lagi.
Pilihan produknya cukup lengkap dan tertata rapi.
Pesanan saya sesuai harapan, tidak ada masalah berarti.
Karyawan memberi informasi dengan jelas dan sopan.
Pengalaman membeli roti dan kue di sini sangat memuaskan.
Produk yang saya beli terlihat fresh dan layak direkomendasikan.";5;Positif;Roti, kue, pastry, dan camilan bakery;;
Toko Roti Go Purwokerto;Kuliner;Purwokerto;"Pelayanannya cukup baik, tetapi masih bisa dibuat lebih cepat.
Kualitas roti dan kue standar, tidak buruk tetapi belum terlalu istimewa.
Tempatnya cukup nyaman, namun area parkir terasa terbatas.
Harga masih wajar, tetapi beberapa menu/produk terasa agak mahal.
Pilihan produknya lumayan lengkap, hanya saja stok tertentu sering habis.
Lokasi mudah dicari, tetapi akses masuknya agak sempit saat ramai.
Rasa/kualitas roti dan kue cukup oke, namun belum terlalu konsisten.
Penyajian cukup rapi, tetapi waktu tunggu masih perlu diperbaiki.
Staf cukup ramah, meskipun responsnya kadang kurang cepat.
Produk sesuai deskripsi, hanya kemasannya bisa dibuat lebih menarik.
Tempatnya bersih, tetapi suasananya agak padat pada jam ramai.
Pengalaman belanja biasa saja, masih sesuai dengan ekspektasi awal.
Variasi produk cukup banyak, namun penataan rak/menu kurang jelas.
Kualitasnya masih bisa diterima, tetapi perlu peningkatan kecil.
Secara umum cukup memuaskan, walaupun belum sampai sangat bagus.
Informasi harga tersedia, tetapi sebaiknya dibuat lebih mudah dibaca.
Pesanan datang sesuai, tetapi tidak terlalu cepat.
Produk utama cukup enak/baik, namun rasa atau tampilannya biasa saja.
Tempat ini layak dicoba, tetapi masih ada beberapa hal yang perlu diperbaiki.
Saya tidak kecewa, tetapi juga belum merasa sangat puas.";3;Netral;Roti, kue, pastry, dan camilan bakery;;
Toko Roti Go Purwokerto;Kuliner;Purwokerto;"Pelayanan terasa lambat dan kurang sigap saat pelanggan ramai.
Kualitas roti dan kue kurang sesuai dengan ekspektasi saya.
Harga terasa kurang sebanding dengan porsi atau kualitas produk.
Tempatnya kurang nyaman karena terlalu ramai dan ruangnya sempit.
Pesanan datang cukup lama sehingga pengalaman kurang menyenangkan.
Ada produk yang terlihat kurang fresh saat saya beli.
Karyawan kurang informatif ketika ditanya mengenai produk.
Kebersihan area tertentu masih perlu diperhatikan lagi.
Kemasan kurang rapi sehingga produk terlihat kurang menarik.
Stok produk yang saya cari kosong tetapi informasinya tidak jelas.
Rasa/kualitas roti dan kue menurut saya menurun dibanding sebelumnya.
Antrean tidak tertata sehingga pelanggan harus menunggu terlalu lama.
Pelayanan kurang ramah dan membuat saya kurang nyaman.
Produk yang diterima tidak sesuai dengan harapan awal.
Tempat parkir sulit dan membuat kunjungan terasa merepotkan.
Penyajian kurang rapi dan perlu ditingkatkan lagi.
Harga beberapa item terasa mahal untuk kualitas yang biasa saja.
Respons pegawai lambat ketika ada keluhan dari pelanggan.
Pengalaman kali ini kurang memuaskan dan perlu banyak perbaikan.
Saya berharap kualitas dan pelayanan bisa lebih konsisten ke depannya.";2;Negatif;Roti, kue, pastry, dan camilan bakery;;
Mendoan Pak Karjo;Kuliner;Purwokerto Timur;"mendoan di sini enak dan kualitasnya konsisten.
Pelayanannya ramah, cepat, dan membuat pelanggan nyaman.
Tempatnya bersih sehingga saya merasa nyaman saat berkunjung.
Harga masih sesuai dengan kualitas mendoan yang diberikan.
Lokasinya mudah ditemukan dan cocok untuk dikunjungi lagi.
Pilihan produknya cukup lengkap dan tertata rapi.
Pesanan saya sesuai harapan, tidak ada masalah berarti.
Karyawan memberi informasi dengan jelas dan sopan.
Pengalaman membeli mendoan di sini sangat memuaskan.
Produk yang saya beli terlihat fresh dan layak direkomendasikan.";5;Positif;Mendoan, gorengan, sambal kecap, dan camilan hangat;;
Mendoan Pak Karjo;Kuliner;Purwokerto Timur;"Pelayanannya cukup baik, tetapi masih bisa dibuat lebih cepat.
Kualitas mendoan standar, tidak buruk tetapi belum terlalu istimewa.
Tempatnya cukup nyaman, namun area parkir terasa terbatas.
Harga masih wajar, tetapi beberapa menu/produk terasa agak mahal.
Pilihan produknya lumayan lengkap, hanya saja stok tertentu sering habis.
Lokasi mudah dicari, tetapi akses masuknya agak sempit saat ramai.
Rasa/kualitas mendoan cukup oke, namun belum terlalu konsisten.
Penyajian cukup rapi, tetapi waktu tunggu masih perlu diperbaiki.
Staf cukup ramah, meskipun responsnya kadang kurang cepat.
Produk sesuai deskripsi, hanya kemasannya bisa dibuat lebih menarik.
Tempatnya bersih, tetapi suasananya agak padat pada jam ramai.
Pengalaman belanja biasa saja, masih sesuai dengan ekspektasi awal.
Variasi produk cukup banyak, namun penataan rak/menu kurang jelas.
Kualitasnya masih bisa diterima, tetapi perlu peningkatan kecil.
Secara umum cukup memuaskan, walaupun belum sampai sangat bagus.
Informasi harga tersedia, tetapi sebaiknya dibuat lebih mudah dibaca.
Pesanan datang sesuai, tetapi tidak terlalu cepat.
Produk utama cukup enak/baik, namun rasa atau tampilannya biasa saja.
Tempat ini layak dicoba, tetapi masih ada beberapa hal yang perlu diperbaiki.
Saya tidak kecewa, tetapi juga belum merasa sangat puas.";3;Netral;Mendoan, gorengan, sambal kecap, dan camilan hangat;;
Mendoan Pak Karjo;Kuliner;Purwokerto Timur;"Pelayanan terasa lambat dan kurang sigap saat pelanggan ramai.
Kualitas mendoan kurang sesuai dengan ekspektasi saya.
Harga terasa kurang sebanding dengan porsi atau kualitas produk.
Tempatnya kurang nyaman karena terlalu ramai dan ruangnya sempit.
Pesanan datang cukup lama sehingga pengalaman kurang menyenangkan.
Ada produk yang terlihat kurang fresh saat saya beli.
Karyawan kurang informatif ketika ditanya mengenai produk.
Kebersihan area tertentu masih perlu diperhatikan lagi.
Kemasan kurang rapi sehingga produk terlihat kurang menarik.
Stok produk yang saya cari kosong tetapi informasinya tidak jelas.
Rasa/kualitas mendoan menurut saya menurun dibanding sebelumnya.
Antrean tidak tertata sehingga pelanggan harus menunggu terlalu lama.
Pelayanan kurang ramah dan membuat saya kurang nyaman.
Produk yang diterima tidak sesuai dengan harapan awal.
Tempat parkir sulit dan membuat kunjungan terasa merepotkan.
Penyajian kurang rapi dan perlu ditingkatkan lagi.
Harga beberapa item terasa mahal untuk kualitas yang biasa saja.
Respons pegawai lambat ketika ada keluhan dari pelanggan.
Pengalaman kali ini kurang memuaskan dan perlu banyak perbaikan.
Saya berharap kualitas dan pelayanan bisa lebih konsisten ke depannya.";2;Negatif;Mendoan, gorengan, sambal kecap, dan camilan hangat;;
NGAPAK (Pusat Oleh-Oleh Khas Purwokerto);Fashion;Purwokerto Barat;Satu-satunya tempat yang sukses bikin oleh-oleh tradisional jadi kelihatan modern tanpa ngilangin rasa aslinya. Harganya jujur, kualitasnya terjaga. Pokoknya, jangan lupa mampir ke Pusat Oleh-Oleh Khas Ngapak biar pengalamanmu di Purwokerto makin lengkap!;5;Positif;Mendoan, getuk goreng, keripik, oleh-oleh khas Banyumas;;
NGAPAK (Pusat Oleh-Oleh Khas Purwokerto);Fashion;Purwokerto Barat;Tempat Ngapak pusat oleh-oleh khas Purwokerto yang lengkap dan nyaman. Menyediakan berbagai camilan seperti getuk goreng, nopia-mino, dan mendoan instan dengan kemasan menarik. Tempatnya bersih, pelayanannya ramah, dan cocok untuk berburu buah tangan. Rekomendasi terbaik saat berkunjung ke Purwokerto. #pusat oleh oleh khas purwokerto;5;Positif;Mendoan, getuk goreng, keripik, oleh-oleh khas Banyumas;;
Soto Sangka Banyumas;Kuliner;Banyumas;lokasi strategis, porsi g terlalu banyak karna mangkoknya kecil, harga lumayan mahal karna pakai ayam kampung, rasa B aja (menurut lidah saya) bukan g enak tapi kaya kurang mantep;3;Netral;Soto, makanan khas Purwokerto, dan minuman;;
Soto Sangka Banyumas;Kuliner;Banyumas;Soto legend berumur 100 tahun. Dimasak pakai tungku, isinya ayam kampung, ketupat, toge dan daun bawang. Makannya pakai sambal kacang sedap bener walaupun porsi terlihat kecil tapi mengenyangkan. Tempatnya juga bersih.;5;Positif;Soto, makanan khas Purwokerto, dan minuman;;
Soto Sangka Banyumas;Kuliner;Banyumas;Soto Banyumasan yang klasik. Soto ayam dengan karbo berupa ketupat. Sotonya masih dimasak dengan kayu bakar. Rasanya sebenarnya simpel jika dibandingkan dengan soto lain di Banyumas. Tetapi rasanya masih oke lah. Kalau tidak ditambahkan sambal kacang, rasanya agak kurang. Kalau dikasih sambal kacang baru enak. Sayangnya di sini tidak ada gorengan.;5;Positif;Soto, makanan khas Purwokerto, dan minuman;;
Soto Sangka Banyumas;Kuliner;Banyumas;Rasa tidak seenak dulu dan harga saya rasa terlalu mahal buat soto dgn porsi kecil yg spt itu. Juga tidak adanya lahan parkir yg membuat susah bila mau mengunjungi warung ini;1;Negatif;Soto, makanan khas Purwokerto, dan minuman;;
Soto Sangka Banyumas;Kuliner;Banyumas;Makanan biasa aja. Harga termasuk mahal klo di kampung;1;Negatif;Soto, makanan khas Purwokerto, dan minuman;;
Soto Sangka Banyumas;Kuliner;Banyumas;Harga relatif mahal dengan rasa yang biasa saja (ga spesial);1;Negatif;Soto, makanan khas Purwokerto, dan minuman;;
Soto Sangka Banyumas;Kuliner;Banyumas;Mahal;1;Negatif;Soto, makanan khas Purwokerto, dan minuman;;
Kopi Kami, Untuk Kamu;Kuliner;Purwokerto Utara;Lokasinya strategis, tempatnya nyaman full AC ada 2 lantai, klo makan di kemangi bisa pesan menu di kopi kami karena 1 managemen.;5;Positif;Kopi, minuman espresso based, makanan ringan, dan menu kafe;;
Kopi Kami, Untuk Kamu;Kuliner;Purwokerto Utara;Tempatnya nyaman, adem, banyak kursi, ada mushola, harga affordable, free wifi. The best pokoknya. Semoga rame yaa...;5;Positif;Kopi, minuman espresso based, makanan ringan, dan menu kafe;;
Kopi Kami, Untuk Kamu;Kuliner;Purwokerto Utara;Tempatnya cozy banget buat makan & nongkrong mantep, tatanan interiornya suka sih keren, untuk makanannya lumayan enak;4;Positif;Kopi, minuman espresso based, makanan ringan, dan menu kafe;;
Kopi Kami, Untuk Kamu;Kuliner;Purwokerto Utara;Pelayanan kurang memuaskan....rasa mkanan biasa aja;3;Negatif;Kopi, minuman espresso based, makanan ringan, dan menu kafe;;
Kopi Kami, Untuk Kamu;Kuliner;Purwokerto Utara;pernah aku dan keluarga makan disini dan sampe 1 jam lebih nunggu makanan dateng, yang tadi'nya laper mau makan biar kenyang karena nunggu kelamaan lapernya ilang, sampe makanan blm dteng semua kita pulang, dan kita memutuskan makanan yg dipesan untuk di bungkus, dan lebih parahnya lgi makanan yg udah masuk bill 1 macem makanan ternyata tdk ada pas smpe rumah, sekedar masukan harap lebih menghargai pelanggan, terimakasih.;1;Negatif;Kopi, minuman espresso based, makanan ringan, dan menu kafe;;
Kopi Kami, Untuk Kamu;Kuliner;Purwokerto Utara;Layanannya lama..butuh 15 menit sampai ada 1 pelayan yg tanyain mau pesen apa dan butuh 15 menit lagi untuk menunggu 1 gelas 1 latte..panas dan rame banget..wifi ada tapi gak ada connection..sayang bgt padahal tempatnya bagus dan harganya affordable.;3;Negatif;Kopi, minuman espresso based, makanan ringan, dan menu kafe;;
Kopi Kami, Untuk Kamu;Kuliner;Purwokerto Utara;Mohon maaf saya berikan bintang 1. Pernah makan di sini dan pesanan datang lama sekali hampir 1 jam padahal di sana tidak banyak tamu. Mohon diperbaiki pelayanan nya, Tempat yang nyaman akan sia-sia jika masakan disajikan terlalu lama.;1;Negatif;Kopi, minuman espresso based, makanan ringan, dan menu kafe;;
Nakopi Roastery;Kuliner;Purwokerto Selatan;Pertama kali kesini, langsung dijelaskan macam macam kopi. Lengkap untuk kopi nya, mau lokal maupun kopi Nusantara. Beli beans gratis giling.;5;Positif;Biji Kopi dan minuman kopi pilihan;;
Nakopi Roastery;Kuliner;Purwokerto Selatan;Pilihan biji kopi nya beragam dan harga sangat terjangkau, pemilik juga ramah;5;Positif;Biji Kopi dan minuman kopi pilihan;;
Nakopi Roastery;Kuliner;Purwokerto Selatan;Tempat jual berbagai macam jenis kopi yang lumayan lengkap. Beans nya bisa minta digiling sekalian. Penjualnya ramah. Kopi nya juga enak dan fresh.;5;Positif;Biji Kopi dan minuman kopi pilihan;;
Nakopi Roastery;Kuliner;Purwokerto Selatan;Tempat jual kopi terdekat dan termurah dari rumah, sudah coba berbagai macam beans, tp blm pernah ketemu sama yang punya…;5;Positif;Biji Kopi dan minuman kopi pilihan;;
Nakopi Roastery;Kuliner;Purwokerto Selatan;Saya minta giling halus malah dikasih kasar;3;Negatif;Biji Kopi dan minuman kopi pilihan;;
Praketa;Kuliner;Purwokerto Utara;My personal experience here has always been good. Praketa nyaman banget untuk nugas. Ada colokan di setiap meja. Kalau kurang, bisa minta roll kabel tambahan. Pesan apapun juga free segelas air mineral. No bayar parkir, karena mereka juga menyediakan kartu parkir gratis. Daaaan, wifinya kenceng banget. Online meeting disini lancar jaya. Makanannya juga affordable. Paling suka ricebowl crispy chicken yang sambel matah atau ricebowl bakso sapi saus bbq. Intinya Praketa is my personal comfort place. The service is too good. I think I come here at least twice a month, except during holiday??;5;Positif;Kopi, minuman espresso based, makanan ringan, dan menu kafe;;
Praketa;Kuliner;Purwokerto Utara;Another cafe deket Unsoed yang aku rekomendasiin juga. Tempatnya kecil tapi nyaman kok, ada ruang indoor dan outdoornya. Parkiran luas, ada buku juga yang bisa dibaca sambil minum kopi;5;Positif;Kopi, minuman espresso based, makanan ringan, dan menu kafe;;
Praketa;Kuliner;Purwokerto Utara;mahall, pesanannya lama, kurang hemat untuk kaum mendang mending.;1;Negatif;Kopi, minuman espresso based, makanan ringan, dan menu kafe;;
Praketa;Kuliner;Purwokerto Utara;Total 74rb praketa skrg downgrade bgt, Kentang berapa biji 15ribu, risol mayo 3biji 18rb, lemon tea cup ketcil 18rb, caffe latte 23rb, total 74ribu ini becanda apa gmn kaya nggelitik lidah doang. Mending ke coffe shop lain, bye praketa…;1;Negatif;Kopi, minuman espresso based, makanan ringan, dan menu kafe;;
Praketa;Kuliner;Purwokerto Utara;Pelayanannya kurang ramah, terkesan maksa untuk semua order padahal pasti di order. But i think kan bisa aja sharing. Even emg mau mengingatkan coba pelan² mbaa...;1;Negatif;Kopi, minuman espresso based, makanan ringan, dan menu kafe;;
Praketa;Kuliner;Purwokerto Utara;Punten ya min, habis dapet pelayanan yang kurang mengenakan dr mba mba nya, kalau menawarkan bisa jgn terlalu maksa gitu, mengangu kenyaman sebagai customer, apa lg dengan nada bicara yang kurang humbel, terimaksi????;1;Negatif;Kopi, minuman espresso based, makanan ringan, dan menu kafe;;
Praketa;Kuliner;Purwokerto Utara;Suasana ga kaya cafe tapi lebih ke warung, makanan ada yg enak ada yg ga enak. Pesen singkong goreng tapi singkongnya pahit. Pesen Ricebowl Baso enak. Harga worth lah di kelasnya.;3;Netral;Kopi, minuman espresso based, makanan ringan, dan menu kafe;;
Praketa;Kuliner;Purwokerto Utara;Kedai kopi ini tmpt nya kurang luas ,parkiran juga kurang luas ,rasa kopi nya juga cukupan ,tmpt bersih,pelayanan ramah;3;Negatif;Kopi, minuman espresso based, makanan ringan, dan menu kafe;;
Batik Hadipriyanto;Fashion;Banyumas;Toko batik langganan saat pulkam, koleksi lengkap, showroom luas, ber AC dan bersih, bikin betah lama² browsing batik. Pelayanan sat set, ramah daj helpful.;5;Positif;Batik, kain, pakaian, dan suvenir berbahan kain;;
Batik Hadipriyanto;Fashion;Banyumas;Batik khas Banyumas, tersedia banyak pilihan, mulai dari yang mahal dengan model batik hasil lukis tangan, sampai yang murah hasil batik stample. Meskipun toko batik khas Banyumas, namun menjual juga beberapa batik khas dari luar daerah seperti kain lurik (surjan), dll.;5;Positif;Batik, kain, pakaian, dan suvenir berbahan kain;;
Batik Hadipriyanto;Fashion;Banyumas;Pilihan motif batik yg sangat variatif, harga yg terjangkau bahkan dengan layanan yg ramah parkir yg mudah baik untuk roda 2 atau empat.;5;Positif;Batik, kain, pakaian, dan suvenir berbahan kain;;
Batik Hadipriyanto;Fashion;Banyumas;Motif, corak, kain dan modelnya cakep2 semua.. bisa liat proses pembuatannya langsung.. harganya jg sesuai.. Batik Hadipriyanto, Banyumas banget;5;Positif;Batik, kain, pakaian, dan suvenir berbahan kain;;
Batik Hadipriyanto;Fashion;Banyumas;Butik Batik asli Banyumas. Tersedia kain dan busana pria dan wanita jadi. Sayangnya koleksi kurang lengkap. Untuk batik tulis selembar kain seharga ratusan hingga jutaan rupiah.;4;Positif;Batik, kain, pakaian, dan suvenir berbahan kain;;
Batik Hadipriyanto;Fashion;Banyumas;Bagus nyaman banyak pilihan motif batiknya;4;Positif;Batik, kain, pakaian, dan suvenir berbahan kain;;
;;;;;;;;
;;;;;;;;
;;;;;;;;
;;;;;;;;
;;;;;;;;
;;;;;;;;
;;;;;;;;
;;;;;;;;
;;;;;;;;
;;;;;;;;
;;;;;;;;
;;;;;;;;
;;;;;;;;
;;;;;;;;
;;;;;;;;
;;;;;;;;
;;;;;;;;
;;;;;;;;
;;;;;;;;
;;;;;;;;
;;;;;;;;
;;;;;;;;
;;;;;;;;
;;;;;;;;
;;;;;;;;
;;;;;;;;
;;;;;;;;
;;;;;;;;
;;;;;;;;
;;;;;;;;
;;;;;;;;
;;;;;;;;
;;;;;;;;
;;;;;;;;
;;;;;;;;
;;;;;;;;
;;;;;;;;
;;;;;;;;
;;;;;;;;
;;;;;;;;
;;;;;;;;
;;;;;;;;
;;;;;;;;
;;;;;;;;
;;;;;;;;
;;;;;;;;
;;;;;;;;
;;;;;;;;
;;;;;;;;
;;;;;;;;
;;;;;;;;
;;;;;;;;
;;;;;;;;
;;;;;;;;
;;;;;;;;
;;;;;;;;
;;;;;;;;
;;;;;;;;
;;;;;;;;
;;;;;;;;
;;;;;;;;
;;;;;;;;
;;;;;;;;
;;;;;;;;
;;;;;;;;
;;;;;;;;
;;;;;;;;
;;;;;;;;
;;;;;;;;
;;;;;;;;
;;;;;;;;
;;;;;;;;
;;;;;;;;
;;;;;;;;
;;;;;;;;
;;;;;;;;
;;;;;;;;
;;;;;;;;
;;;;;;;;
;;;;;;;;
;;;;;;;;
;;;;;;;;
;;;;;;;;
;;;;;;;;
;;;;;;;;
;;;;;;;;
;;;;;;;;
;;;;;;;;
;;;;;;;;
;;;;;;;;
;;;;;;;;
;;;;;;;;
;;;;;;;;
;;;;;;;;
;;;;;;;;
;;;;;;;;
;;;;;;;;
;;;;;;;;
;;;;;;;;
;;;;;;;;
;;;;;;;;
;;;;;;;;
;;;;;;;;
;;;;;;;;
;;;;;;;;
;;;;;;;;
;;;;;;;;
;;;;;;;;
;;;;;;;;
;;;;;;;;
;;;;;;;;
;;;;;;;;
;;;;;;;;
;;;;;;;;
;;;;;;;;
;;;;;;;;
;;;;;;;;
;;;;;;;;
;;;;;;;;
;;;;;;;;
;;;;;;;;
;;;;;;;;
;;;;;;;;
;;;;;;;;
;;;;;;;;
;;;;;;;;
;;;;;;;;
;;;;;;;;
;;;;;;;;
;;;;;;;;
;;;;;;;;
;;;;;;;;
;;;;;;;;
;;;;;;;;
;;;;;;;;
;;;;;;;;
;;;;;;;;
;;;;;;;;
;;;;;;;;
;;;;;;;;
;;;;;;;;
;;;;;;;;
;;;;;;;;
;;;;;;;;
;;;;;;;;
;;;;;;;;
;;;;;;;;
;;;;;;;;
;;;;;;;;
;;;;;;;;
;;;;;;;;
;;;;;;;;
;;;;;;;;
;;;;;;;;
;;;;;;;;
;;;;;;;;
;;;;;;;;
;;;;;;;;
;;;;;;;;
;;;;;;;;
;;;;;;;;
;;;;;;;;
;;;;;;;;
;;;;;;;;
;;;;;;;;
;;;;;;;;
;;;;;;;;
;;;;;;;;
;;;;;;;;
;;;;;;;;
;;;;;;;;
;;;;;;;;
;;;;;;;;
;;;;;;;;
;;;;;;;;
;;;;;;;;
;;;;;;;;
;;;;;;;;
;;;;;;;;
;;;;;;;;
;;;;;;;;
;;;;;;;;
;;;;;;;;
;;;;;;;;
;;;;;;;;
;;;;;;;;
;;;;;;;;
;;;;;;;;
;;;;;;;;
;;;;;;;;
;;;;;;;;
;;;;;;;;
;;;;;;;;
;;;;;;;;
;;;;;;;;
;;;;;;;;
;;;;;;;;
;;;;;;;;
;;;;;;;;
;;;;;;;;
;;;;;;;;
;;;;;;;;
;;;;;;;;
;;;;;;;;
;;;;;;;;
;;;;;;;;
;;;;;;;;
;;;;;;;;
;;;;;;;;
;;;;;;;;
;;;;;;;;
;;;;;;;;
;;;;;;;;
;;;;;;;;
;;;;;;;;
;;;;;;;;
;;;;;;;;
;;;;;;;;
;;;;;;;;
;;;;;;;;
;;;;;;;;
;;;;;;;;
;;;;;;;;
;;;;;;;;
;;;;;;;;
;;;;;;;;
;;;;;;;;
;;;;;;;;
;;;;;;;;
;;;;;;;;
;;;;;;;;
;;;;;;;;
;;;;;;;;
;;;;;;;;
;;;;;;;;
;;;;;;;;
;;;;;;;;
;;;;;;;;
;;;;;;;;
;;;;;;;;
;;;;;;;;
;;;;;;;;
;;;;;;;;
;;;;;;;;
;;;;;;;;
;;;;;;;;
;;;;;;;;
;;;;;;;;
;;;;;;;;
;;;;;;;;
;;;;;;;;
;;;;;;;;
;;;;;;;;
;;;;;;;;
;;;;;;;;
;;;;;;;;
;;;;;;;;
;;;;;;;;
;;;;;;;;
;;;;;;;;
;;;;;;;;
;;;;;;;;
;;;;;;;;
;;;;;;;;
;;;;;;;;
;;;;;;;;
;;;;;;;;
;;;;;;;;
;;;;;;;;
;;;;;;;;
;;;;;;;;
;;;;;;;;
;;;;;;;;
;;;;;;;;
;;;;;;;;
;;;;;;;;
;;;;;;;;
;;;;;;;;
;;;;;;;;
;;;;;;;;
;;;;;;;;
;;;;;;;;
;;;;;;;;
;;;;;;;;
;;;;;;;;
;;;;;;;;
;;;;;;;;
;;;;;;;;
;;;;;;;;
;;;;;;;;
;;;;;;;;
;;;;;;;;
;;;;;;;;
;;;;;;;;
;;;;;;;;
;;;;;;;;
;;;;;;;;
;;;;;;;;
;;;;;;;;
;;;;;;;;
;;;;;;;;
;;;;;;;;
;;;;;;;;
;;;;;;;;
;;;;;;;;
;;;;;;;;
;;;;;;;;
;;;;;;;;
;;;;;;;;
;;;;;;;;
;;;;;;;;
;;;;;;;;
;;;;;;;;
;;;;;;;;
;;;;;;;;
;;;;;;;;
;;;;;;;;
;;;;;;;;
;;;;;;;;
;;;;;;;;
;;;;;;;;
;;;;;;;;
;;;;;;;;
;;;;;;;;
;;;;;;;;
;;;;;;;;
;;;;;;;;
;;;;;;;;
;;;;;;;;
;;;;;;;;
;;;;;;;;
;;;;;;;;
;;;;;;;;
;;;;;;;;
;;;;;;;;
;;;;;;;;
;;;;;;;;
;;;;;;;;
;;;;;;;;
;;;;;;;;
;;;;;;;;
;;;;;;;;
;;;;;;;;
;;;;;;;;
;;;;;;;;
;;;;;;;;
;;;;;;;;
;;;;;;;;
;;;;;;;;
;;;;;;;;
;;;;;;;;
;;;;;;;;
;;;;;;;;
;;;;;;;;
;;;;;;;;
;;;;;;;;
;;;;;;;;
;;;;;;;;
;;;;;;;;
;;;;;;;;
;;;;;;;;
;;;;;;;;
;;;;;;;;
;;;;;;;;
;;;;;;;;
;;;;;;;;
;;;;;;;;
;;;;;;;;
;;;;;;;;
;;;;;;;;
;;;;;;;;
;;;;;;;;
;;;;;;;;
;;;;;;;;
;;;;;;;;
;;;;;;;;
;;;;;;;;
;;;;;;;;
;;;;;;;;
;;;;;;;;
;;;;;;;;
;;;;;;;;
;;;;;;;;
;;;;;;;;
;;;;;;;;
;;;;;;;;
;;;;;;;;
;;;;;;;;
;;;;;;;;
;;;;;;;;
;;;;;;;;
;;;;;;;;
;;;;;;;;
;;;;;;;;
;;;;;;;;
;;;;;;;;
;;;;;;;;
;;;;;;;;
;;;;;;;;
;;;;;;;;
;;;;;;;;
;;;;;;;;
;;;;;;;;
;;;;;;;;
;;;;;;;;
