id_umkm,nama_umkm,kategori_umkm,lokasi,produk_utama,sumber_data,no_ulasan,ulasan_asli,ulasan_preprocessed,prediksi_sentimen,confidence_positif,confidence_negatif,aspek_kualitas,aspek_packaging,aspek_harga,aspek_pengiriman
R001,"Galery Batik ""PRINGMAS""",Fashion,"Kecamatan Banyumas (Dusun Kalisuren, Desa Papringan)","Kain batik tulis dan cap klasik banyumasan dengan karakteristik warna soga (cokelat) dan wedelan (biru tua), pakaian batik jadi, serta produk suvenir berbahan kain batik.",Google Maps (manual),1,"Bagus-bagus batiknya, seruu bgtt disini kita jadi tau gmn proses membatik sampe jadi kain batik. tempatnya nyaman dan adem bangettt",bagus bagus batik seruu bgtt tau gmn proses batik sampe kain batik tempat nyaman adem bangettt,Positive,0.992,0.008,True,True,False,False
R001,"Galery Batik ""PRINGMAS""",Fashion,"Kecamatan Banyumas (Dusun Kalisuren, Desa Papringan)","Kain batik tulis dan cap klasik banyumasan dengan karakteristik warna soga (cokelat) dan wedelan (biru tua), pakaian batik jadi, serta produk suvenir berbahan kain batik.",Google Maps (manual),2,"Asik banget berkunjung ke batik pringmas welcome banget, kita juga sekalian pelatihan membatik nih dari pringmas menyediakan paket membatik juga lohh",asik kunjung batik pringmas welcome latih batik nih pringmas sedia paket batik lohh,Positive,0.7313,0.2687,False,False,False,False
R001,"Galery Batik ""PRINGMAS""",Fashion,"Kecamatan Banyumas (Dusun Kalisuren, Desa Papringan)","Kain batik tulis dan cap klasik banyumasan dengan karakteristik warna soga (cokelat) dan wedelan (biru tua), pakaian batik jadi, serta produk suvenir berbahan kain batik.",Google Maps (manual),3,Pengalaman membatik dan mengenal lokasi produksi di batik Pringmas sangat seru dan menghibur. Jadi tau ternyata proses membatik sangat panjang,alam batik kenal lokasi produksi batik pringmas seru hibur tau proses batik,Positive,0.2351,0.7649,True,True,False,True
R001,"Galery Batik ""PRINGMAS""",Fashion,"Kecamatan Banyumas (Dusun Kalisuren, Desa Papringan)","Kain batik tulis dan cap klasik banyumasan dengan karakteristik warna soga (cokelat) dan wedelan (biru tua), pakaian batik jadi, serta produk suvenir berbahan kain batik.",Google Maps (manual),4,"kita harus menghargai batik dengan menggunakannya sebaik mungkin,",harga batik guna,Positive,0.8209,0.1791,False,False,True,False
R001,"Galery Batik ""PRINGMAS""",Fashion,"Kecamatan Banyumas (Dusun Kalisuren, Desa Papringan)","Kain batik tulis dan cap klasik banyumasan dengan karakteristik warna soga (cokelat) dan wedelan (biru tua), pakaian batik jadi, serta produk suvenir berbahan kain batik.",Google Maps (manual),5,Belajar membatikk harus banget disiniii.,ajar membatikk disiniii,Positive,0.4252,0.5748,False,False,False,False
R001,"Galery Batik ""PRINGMAS""",Fashion,"Kecamatan Banyumas (Dusun Kalisuren, Desa Papringan)","Kain batik tulis dan cap klasik banyumasan dengan karakteristik warna soga (cokelat) dan wedelan (biru tua), pakaian batik jadi, serta produk suvenir berbahan kain batik.",Google Maps (manual),6,"Tempatnya Sejuk, ibu pendamping ramah ramah. Banyak banget pengalaman yg didapat disini",tempat sejuk damping ramah ramah alam,Positive,0.8257,0.1743,False,True,False,True
R001,"Galery Batik ""PRINGMAS""",Fashion,"Kecamatan Banyumas (Dusun Kalisuren, Desa Papringan)","Kain batik tulis dan cap klasik banyumasan dengan karakteristik warna soga (cokelat) dan wedelan (biru tua), pakaian batik jadi, serta produk suvenir berbahan kain batik.",Google Maps (manual),7,Batiknya bagus...khas banyumas,batik bagus khas banyumas,Positive,0.9946,0.0054,True,False,False,False
R001,"Galery Batik ""PRINGMAS""",Fashion,"Kecamatan Banyumas (Dusun Kalisuren, Desa Papringan)","Kain batik tulis dan cap klasik banyumasan dengan karakteristik warna soga (cokelat) dan wedelan (biru tua), pakaian batik jadi, serta produk suvenir berbahan kain batik.",Google Maps (manual),8,Untuk belanja batik tulis dengan desain alami dengan warna yang kalem,belanja batik tulis desain alami warna kalem,Positive,0.9399,0.0601,True,False,False,False
R001,"Galery Batik ""PRINGMAS""",Fashion,"Kecamatan Banyumas (Dusun Kalisuren, Desa Papringan)","Kain batik tulis dan cap klasik banyumasan dengan karakteristik warna soga (cokelat) dan wedelan (biru tua), pakaian batik jadi, serta produk suvenir berbahan kain batik.",Google Maps (manual),9,bisa datang ke tempat ini. Hampir semua desain menarik.  Harga bervariasi tergantung bahan dan pewarna yang dipakai. Mulai dari rp500.000 sampai dua juta.,desain tarik harga variasi gantung bahan warna pakai rp juta,Positive,0.8464,0.1536,True,False,True,True
R001,"Galery Batik ""PRINGMAS""",Fashion,"Kecamatan Banyumas (Dusun Kalisuren, Desa Papringan)","Kain batik tulis dan cap klasik banyumasan dengan karakteristik warna soga (cokelat) dan wedelan (biru tua), pakaian batik jadi, serta produk suvenir berbahan kain batik.",Google Maps (manual),10,Tempat ini juga menyediakan wisata edukasi. Rombongan pengunjung yang ingin belajar membatik tersedia pendopo di sebelah kanan galeri,sedia wisata edukasi rombong unjung ajar batik sedia pendopo belah kanan galeri,Positive,0.2034,0.7966,False,False,False,False
R001,"Galery Batik ""PRINGMAS""",Fashion,"Kecamatan Banyumas (Dusun Kalisuren, Desa Papringan)","Kain batik tulis dan cap klasik banyumasan dengan karakteristik warna soga (cokelat) dan wedelan (biru tua), pakaian batik jadi, serta produk suvenir berbahan kain batik.",Google Maps (manual),11,"Batik Banyumas yang berkualitas. Ada harga, ada kualitas, Batik tulisnya keren keren, Harganya terjangkau, batiknya bagus dan keren",batik banyumas kualitas harga kualitas batik tulis keren keren harga jangkau batik bagus keren,Positive,0.9991,0.0009,True,False,True,False
R001,"Galery Batik ""PRINGMAS""",Fashion,"Kecamatan Banyumas (Dusun Kalisuren, Desa Papringan)","Kain batik tulis dan cap klasik banyumasan dengan karakteristik warna soga (cokelat) dan wedelan (biru tua), pakaian batik jadi, serta produk suvenir berbahan kain batik.",Google Maps (manual),12,"asli tulis/handmade,,tempatnya nyaman dengan pemandangan sungai serayu",asli tulis handmade tempat nyaman pandang sungai rayu,Positive,0.9247,0.0753,True,True,False,False
R001,"Galery Batik ""PRINGMAS""",Fashion,"Kecamatan Banyumas (Dusun Kalisuren, Desa Papringan)","Kain batik tulis dan cap klasik banyumasan dengan karakteristik warna soga (cokelat) dan wedelan (biru tua), pakaian batik jadi, serta produk suvenir berbahan kain batik.",Google Maps (manual),13,cocok untuk wisata edukasi batik,cocok wisata edukasi batik,Positive,0.8868,0.1132,False,False,False,False
R001,"Galery Batik ""PRINGMAS""",Fashion,"Kecamatan Banyumas (Dusun Kalisuren, Desa Papringan)","Kain batik tulis dan cap klasik banyumasan dengan karakteristik warna soga (cokelat) dan wedelan (biru tua), pakaian batik jadi, serta produk suvenir berbahan kain batik.",Google Maps (manual),14,Pilihan batiknya banyak dan bagus2..harganya sesuai sama kebagusan motif batiknya. Lokasi galerinya agak terpencil tapi cukup luas parkir maupun galerinya itu sendiri,pilih batik bagus harga sesuai bagus motif batik lokasi galeri pencil luas parkir galeri,Positive,0.9936,0.0064,True,False,True,False
R001,"Galery Batik ""PRINGMAS""",Fashion,"Kecamatan Banyumas (Dusun Kalisuren, Desa Papringan)","Kain batik tulis dan cap klasik banyumasan dengan karakteristik warna soga (cokelat) dan wedelan (biru tua), pakaian batik jadi, serta produk suvenir berbahan kain batik.",Google Maps (manual),15,Buat yang nyari batik Banyumas yg original (asli lukisan dan pewarnaan orang Banyumas)  tempat ini salah satu yg recomended. Sering bawa tamu dr dalam dan luar negeri,nyari batik banyumas original asli lukis warna orang banyumas salah recomended bawa tamu dr negeri,Positive,0.1488,0.8512,True,False,False,False
R001,"Galery Batik ""PRINGMAS""",Fashion,"Kecamatan Banyumas (Dusun Kalisuren, Desa Papringan)","Kain batik tulis dan cap klasik banyumasan dengan karakteristik warna soga (cokelat) dan wedelan (biru tua), pakaian batik jadi, serta produk suvenir berbahan kain batik.",Google Maps (manual),16,rata2 komentarnya puas. Bisa terima non tunai juga... Ada mesin EDC nya juga. Ada toilet. Bisa melihat orang produksi sambil memandangi indahnya sungai serayu.,komentar puas non tunai mesin edc toilet orang produksi pandang indah sungai rayu,Positive,0.2325,0.7675,True,False,False,False
R002,Nopia & Mino Pak Narwan,Kuliner,Kecamatan Banyumas (Desa Pekunden),"Nopia (ukuran besar) dan Mino (Mini Nopia) dengan isian orisinal gula jawa serta varian rasa lain seperti bawang goreng, susu, cokelat, dan durian.",Google Maps (manual),1,"Jangan sampai kelupaan ketika berkunjung ke daerah ini, belilah oleh-oleh untuk saudara-saudara Anda. Nopia ini sangat enak dan harganyapun tidak mahal seperti oleh-oleh pada umumnya. Dijamin khalal makanan ini. Kemasannya bagus dan mudah dibawa kemana-mana. Hanya saja untuk tempat penjual ini kurang bisa dilihat dalam keadaan lalu lintas ramai. Mungkin karna plang toko yang kecil atau belum sebuming oleh-oleh yang lain.",jangan lupa kunjung daerah bilah saudara saudara nopia enak harga tidak mahal jamin khalal makan kemas bagus mudah bawa mana jual kurang lintas ramai plang toko belum sebuming,Negative,0.2748,0.7252,True,True,True,True
R002,Nopia & Mino Pak Narwan,Kuliner,Kecamatan Banyumas (Desa Pekunden),"Nopia (ukuran besar) dan Mino (Mini Nopia) dengan isian orisinal gula jawa serta varian rasa lain seperti bawang goreng, susu, cokelat, dan durian.",Google Maps (manual),2,"Kurang memuaskan, karena harus bayar parkir, karena saya sering bgt beli di alfamart, jadi setiap ke situ harus bayar parkir sepertinya males bgt jadinya belanja di situ. Saran saja kalo bisa jgn ada tukang parkirnya, kurang nyaman karena itu sepertinya ilegal.",kurang muas bayar parkir beli alfamart situ bayar parkir males belanja situ saran kalo jgn tukang parkir kurang nyaman ilegal,Negative,0.0149,0.9851,True,True,True,False
R002,Nopia & Mino Pak Narwan,Kuliner,Kecamatan Banyumas (Desa Pekunden),"Nopia (ukuran besar) dan Mino (Mini Nopia) dengan isian orisinal gula jawa serta varian rasa lain seperti bawang goreng, susu, cokelat, dan durian.",Google Maps (manual),3,"Bisa liat langsung pembuatan nya..menarik, pelayanan nya baik",liat langsung buat tarik layan,Negative,0.3305,0.6695,False,False,False,False
R002,Nopia & Mino Pak Narwan,Kuliner,Kecamatan Banyumas (Desa Pekunden),"Nopia (ukuran besar) dan Mino (Mini Nopia) dengan isian orisinal gula jawa serta varian rasa lain seperti bawang goreng, susu, cokelat, dan durian.",Google Maps (manual),4,"Tempat produksi sekaligus belanja nopia & mino yang legendaris di kota Banyumas, jajanan yang recommended untuk oleh - oleh bila berkunjung ke tempat saudara. Ada berbagai varian rasa, rasa gula jawa, rasa duren dan lainya, harganya cukup terjangkau, packingnya bagus. Lokasinya berada di pinggir jalan sehingga mudah di akses.",produksi belanja nopia mino legendaris kota banyumas jajan recommended kunjung saudara varian gula jawa duren lai harga jangkau packingnya bagus lokasi pinggir jalan mudah akses,Positive,0.9719,0.0281,True,True,True,False
R002,Nopia & Mino Pak Narwan,Kuliner,Kecamatan Banyumas (Desa Pekunden),"Nopia (ukuran besar) dan Mino (Mini Nopia) dengan isian orisinal gula jawa serta varian rasa lain seperti bawang goreng, susu, cokelat, dan durian.",Google Maps (manual),5,"Ga suka dgn pelayqnan ga ramah,sombong mentang lg rame",ga suka pelayqnan ga ramah sombong mentang lg rame,Negative,0.1322,0.8678,False,False,False,False
R002,Nopia & Mino Pak Narwan,Kuliner,Kecamatan Banyumas (Desa Pekunden),"Nopia (ukuran besar) dan Mino (Mini Nopia) dengan isian orisinal gula jawa serta varian rasa lain seperti bawang goreng, susu, cokelat, dan durian.",Google Maps (manual),6,"Citarasa nopia dan mino yg khas dan enak, ownernya juga baik banget, kita bawa rombongan anak2 kesana untuk melihat pembuatanya juga disambut dengan baik. Trimakasih atas sambutan hangatnya",citarasa nopia mino khas enak ownernya bawa rombong anak kesana pembuatanya sambut trimakasih sambut hangat,Positive,0.8537,0.1463,True,False,False,False
R002,Nopia & Mino Pak Narwan,Kuliner,Kecamatan Banyumas (Desa Pekunden),"Nopia (ukuran besar) dan Mino (Mini Nopia) dengan isian orisinal gula jawa serta varian rasa lain seperti bawang goreng, susu, cokelat, dan durian.",Google Maps (manual),7,"Makanan khas yang saya sukai sejak kecil. Enak, manis, dan unik karena kopong bagian dalamnya. Baru tau kalo ternyata makanan khas dari Banyumas. Benar-benar legend makanan khas yang satu ini. Hampir di setiap toko oleh-oleh di berbagai kota selalu ada nopia. Generasi kedua yang sekarang menghandle nopia pak Narwan. Semoga sukses, berkah dunia akhirat.",makan khas suka enak manis unik kopong dalam tau kalo makan khas banyumas legend makan khas toko kota nopia generasi menghandle nopia narwan moga sukses berkah dunia akhirat,Positive,0.9127,0.0873,False,False,False,False
R002,Nopia & Mino Pak Narwan,Kuliner,Kecamatan Banyumas (Desa Pekunden),"Nopia (ukuran besar) dan Mino (Mini Nopia) dengan isian orisinal gula jawa serta varian rasa lain seperti bawang goreng, susu, cokelat, dan durian.",Google Maps (manual),8,"Tempat ini butuh dibersihkan, bro... yang lainnya bagus…",butuh bersih bro bagus,Negative,0.9768,0.0232,True,False,False,False
R002,Nopia & Mino Pak Narwan,Kuliner,Kecamatan Banyumas (Desa Pekunden),"Nopia (ukuran besar) dan Mino (Mini Nopia) dengan isian orisinal gula jawa serta varian rasa lain seperti bawang goreng, susu, cokelat, dan durian.",Google Maps (manual),9,"Nopia nya top markotop. Fresh from the oven. Ada rasa duren, gula aren, coklat, nanas, brambang! Wah rasa nanas nya ok bgt. Cuma ada di Jogja dan Bandung. Kalo di Jakarta biasanya cuma ada rasa gula aren n coklat. Wajib banget kalo k Purwokerto, mampir ke Pak Narwan di Banyumas. Cuma 15 km dari Purwokerto alias 30 - 40 menit dg mobil. Yang melayani juga ramah. Harus lah ke Nopia pak Narwan. Oleh2 yg pas.",nopia top markotop fresh from the oven duren gula aren coklat nanas brambang nanas ok jogja bandung kalo jakarta gula aren coklat wajib kalo purwokerto mampir narwan banyumas km purwokerto alias menit mobil layan ramah nopia narwan pas,Positive,0.6936,0.3064,True,False,False,False
R002,Nopia & Mino Pak Narwan,Kuliner,Kecamatan Banyumas (Desa Pekunden),"Nopia (ukuran besar) dan Mino (Mini Nopia) dengan isian orisinal gula jawa serta varian rasa lain seperti bawang goreng, susu, cokelat, dan durian.",Google Maps (manual),10,"Tempat oleh oleh ter favorit walaupun sederhana dan hanya rumahan, produk produknya sangat berkualitas baik dan enak",ter favorit sederhana rumah produk produk kualitas enak,Positive,0.9368,0.0632,True,False,False,False
R002,Nopia & Mino Pak Narwan,Kuliner,Kecamatan Banyumas (Desa Pekunden),"Nopia (ukuran besar) dan Mino (Mini Nopia) dengan isian orisinal gula jawa serta varian rasa lain seperti bawang goreng, susu, cokelat, dan durian.",Google Maps (manual),11,"Nyaman menyenangkan dan unik,makanan spesifik dan super enaaak.",nyaman senang unik makan spesifik super enaaak,Positive,0.9942,0.0058,False,True,False,False
R003,NGAPAK (Pusat Oleh-Oleh Khas Purwokerto),Fashion,Purwokerto Barat,"Mendoan, getuk goreng, keripik, oleh-oleh khas Banyumas",Google Maps (manual),1,"Satu-satunya tempat yang sukses bikin oleh-oleh tradisional jadi kelihatan modern tanpa ngilangin rasa aslinya. Harganya jujur, kualitasnya terjaga. Pokoknya, jangan lupa mampir ke Pusat Oleh-Oleh Khas Ngapak biar pengalamanmu di Purwokerto makin lengkap!",satu sukses bikin tradisional modern tanpa ngilangin asli harga jujur kualitas jaga pokok jangan lupa mampir pusat khas ngapak biar alam purwokerto lengkap,Positive,0.9032,0.0968,True,True,True,True
R003,NGAPAK (Pusat Oleh-Oleh Khas Purwokerto),Fashion,Purwokerto Barat,"Mendoan, getuk goreng, keripik, oleh-oleh khas Banyumas",Google Maps (manual),2,"Tempat Ngapak pusat oleh-oleh khas Purwokerto yang lengkap dan nyaman. Menyediakan berbagai camilan seperti getuk goreng, nopia-mino, dan mendoan instan dengan kemasan menarik. Tempatnya bersih, pelayanannya ramah, dan cocok untuk berburu buah tangan. Rekomendasi terbaik saat berkunjung ke Purwokerto. #pusat oleh oleh khas purwokerto",ngapak pusat khas purwokerto lengkap nyaman sedia camil getuk goreng nopia mino mendoan instan kemas tarik tempat bersih layan ramah cocok buru buah tangan rekomendasi baik kunjung purwokerto khas purwokerto,Positive,0.9604,0.0396,True,True,False,False
R003,NGAPAK (Pusat Oleh-Oleh Khas Purwokerto),Fashion,Purwokerto Barat,"Mendoan, getuk goreng, keripik, oleh-oleh khas Banyumas",Google Maps (manual),3,"Pusat oleh-oleh khas Purwokerto
Tempatnya nyaman, bersih, merchandise lucu-lucu.",pusat khas purwokerto tempat nyaman bersih merchandise lucu lucu,Positive,0.9777,0.0223,True,True,False,False
R003,NGAPAK (Pusat Oleh-Oleh Khas Purwokerto),Fashion,Purwokerto Barat,"Mendoan, getuk goreng, keripik, oleh-oleh khas Banyumas",Google Maps (manual),4,"yang cari merch khas purwokerto wajib banget ke ""NGAPAK (Pusat oleh-oleh khas Purwokerto), merchnya unik dari mulai gantungan kunci, totebag dan kaos yang designnya otentik, kakaknya ramah dan tempatnya bersih banget!",cari merch khas purwokerto wajib ngapak pusat khas purwokerto merchnya unik gantung kunci totebag kaos designnya otentik kakak ramah tempat bersih,Positive,0.7526,0.2474,True,False,False,False
R003,NGAPAK (Pusat Oleh-Oleh Khas Purwokerto),Fashion,Purwokerto Barat,"Mendoan, getuk goreng, keripik, oleh-oleh khas Banyumas",Google Maps (manual),5,"Tempat Ngapak pusat oleh-oleh khas Purwokerto yang lengkap dan nyaman. Menyediakan berbagai camilan seperti getuk goreng, nopia-mino, dan mendoan instan dengan kemasan menarik.
Tempatnya bersih, pelayanannya ramah, dan cocok untuk berburu buah tangan. Rekomendasi terbaik saat berkunjung ke Purwokerto.
#pusat oleh oleh khas purwokerto",ngapak pusat khas purwokerto lengkap nyaman sedia camil getuk goreng nopia mino mendoan instan kemas tarik tempat bersih layan ramah cocok buru buah tangan rekomendasi baik kunjung purwokerto khas purwokerto,Positive,0.9604,0.0396,True,True,False,False
R003,NGAPAK (Pusat Oleh-Oleh Khas Purwokerto),Fashion,Purwokerto Barat,"Mendoan, getuk goreng, keripik, oleh-oleh khas Banyumas",Google Maps (manual),6,"Tempatnyaa nyaman, kasir ramah. Anti mainstream bgt jualannya. Cocok buat yg cari oleh2 lain selain getuk dan mendoan",tempatnyaa nyaman kasir ramah anti mainstream jual cocok cari getuk mendoan,Positive,0.9645,0.0355,False,True,False,False
R003,NGAPAK (Pusat Oleh-Oleh Khas Purwokerto),Fashion,Purwokerto Barat,"Mendoan, getuk goreng, keripik, oleh-oleh khas Banyumas",Google Maps (manual),7,"Banyak pilihan oleh oleh khas purwokerto, ada pilihan baju baju dengan tulisan lucu-lucu, staff nya ramah banget, tempatnya bersih.. kusuka..",pilih khas purwokerto pilih baju baju tulis lucu lucu staff ramah tempat bersih suka,Positive,0.9711,0.0289,True,False,False,False
R003,NGAPAK (Pusat Oleh-Oleh Khas Purwokerto),Fashion,Purwokerto Barat,"Mendoan, getuk goreng, keripik, oleh-oleh khas Banyumas",Google Maps (manual),8,"Pelayanan sangat ramahh
Untuk oleh² bervariasi dan tersedia tester
Banyak pilihan kaos untuk oleh², bahan berkualitas
Rekomended untuk belanja oleh²",layan ramahh oleh variasi sedia tester pilih kaos oleh bahan kualitas rekomended belanja oleh,Positive,0.9478,0.0522,True,False,False,False
R003,NGAPAK (Pusat Oleh-Oleh Khas Purwokerto),Fashion,Purwokerto Barat,"Mendoan, getuk goreng, keripik, oleh-oleh khas Banyumas",Google Maps (manual),9,"pusatt oleh olehhh palinggg josss yaituu adaa diii ngapak store Purwokerto,di jaminnn barangnya memuaskan, banyakk banget pilihannya dan tempatnya yangg nyamann,di jaminn puas,ngapakk store okeee",pusatt olehhh palinggg josss yaituu adaa diii ngapak store purwokerto jaminnn barang muas banyakk pilih tempat yangg nyamann jaminn puas ngapakk store okeee,Positive,0.7886,0.2114,True,True,False,False
R003,NGAPAK (Pusat Oleh-Oleh Khas Purwokerto),Fashion,Purwokerto Barat,"Mendoan, getuk goreng, keripik, oleh-oleh khas Banyumas",Google Maps (manual),10,"Pelayanan bagus dan ramah,desain di baju totebag dan ganci menarik menarik tempat nya juga bersih.#pusat oleh oleh purwokerto",layan bagus ramah desain baju totebag ganci tarik tarik bersih purwokerto,Positive,0.973,0.027,True,False,False,False
R004,Soto Sangka Banyumas,Kuliner,Banyumas,"Soto, makanan khas Purwokerto, dan minuman",Google Maps (manual),1,"lokasi strategis, porsi g terlalu banyak karna mangkoknya kecil, harga lumayan mahal karna pakai ayam kampung, rasa B aja (menurut lidah saya) bukan g enak tapi kaya kurang mantep",lokasi strategis porsi mangkok harga lumayan mahal pakai ayam kampung lidah bukan enak kaya kurang mantep,Negative,0.0405,0.9595,True,False,True,False
R004,Soto Sangka Banyumas,Kuliner,Banyumas,"Soto, makanan khas Purwokerto, dan minuman",Google Maps (manual),2,"Soto legend berumur 100 tahun. Dimasak pakai tungku, isinya ayam kampung, ketupat, toge dan daun bawang. Makannya pakai sambal kacang sedap bener walaupun porsi terlihat kecil tapi mengenyangkan. Tempatnya juga bersih.",soto legend umur masak pakai tungku isi ayam kampung ketupat toge daun bawang makan pakai sambal kacang sedap bener porsi kenyang tempat bersih,Positive,0.394,0.606,False,False,False,False
R004,Soto Sangka Banyumas,Kuliner,Banyumas,"Soto, makanan khas Purwokerto, dan minuman",Google Maps (manual),3,"Soto Banyumasan yang klasik. Soto ayam dengan karbo berupa ketupat. Sotonya masih dimasak dengan kayu bakar. Rasanya sebenarnya simpel jika dibandingkan dengan soto lain di Banyumas. Tetapi rasanya masih oke lah. Kalau tidak ditambahkan sambal kacang, rasanya agak kurang. Kalau dikasih sambal kacang baru enak. Sayangnya di sini tidak ada gorengan.",soto banyumasan klasik soto ayam karbo ketupat soto masak kayu bakar simpel banding soto banyumas oke tidak sambal kacang kurang kasih sambal kacang enak sayang tidak goreng,Positive,0.329,0.671,True,False,False,False
R004,Soto Sangka Banyumas,Kuliner,Banyumas,"Soto, makanan khas Purwokerto, dan minuman",Google Maps (manual),4,Rasa tidak seenak dulu dan harga saya rasa terlalu mahal buat soto dgn porsi kecil yg spt itu. Juga tidak adanya lahan parkir yg membuat susah bila mau mengunjungi warung ini,tidak enak harga mahal soto porsi spt tidak lahan parkir susah unjung warung,Negative,0.003,0.997,True,False,True,False
R004,Soto Sangka Banyumas,Kuliner,Banyumas,"Soto, makanan khas Purwokerto, dan minuman",Google Maps (manual),5,Makanan biasa aja. Harga termasuk mahal klo di kampung,makan harga mahal klo kampung,Negative,0.0234,0.9766,False,False,True,False
R004,Soto Sangka Banyumas,Kuliner,Banyumas,"Soto, makanan khas Purwokerto, dan minuman",Google Maps (manual),6,Harga relatif mahal dengan rasa yang biasa saja (ga spesial),harga relatif mahal ga spesial,Negative,0.0524,0.9476,True,False,True,False
R004,Soto Sangka Banyumas,Kuliner,Banyumas,"Soto, makanan khas Purwokerto, dan minuman",Google Maps (manual),7,Mahal,mahal,Negative,0.0373,0.9627,False,False,True,False
R004,Soto Sangka Banyumas,Kuliner,Banyumas,"Soto, makanan khas Purwokerto, dan minuman",Google Maps (manual),8,Makanan biasa aja.harga termasuk mahal klo di kampung,makan harga mahal klo kampung,Negative,0.0234,0.9766,False,False,True,False
R004,Soto Sangka Banyumas,Kuliner,Banyumas,"Soto, makanan khas Purwokerto, dan minuman",Google Maps (manual),9,"Soto nya manis, spt nya tidak menggunakan vetsin atau penyedap rasa dan lbh mengandalkan gula sbg penyedap dan kuah kurang panas.
Ketika mencoba tambah garam malah rasanya jadi aneh.

Utk penikmat soto dgn rasa yg gurih, agak kurang cocok.",soto manis spt tidak vetsin sedap lbh andal gula sbg sedap kuah kurang panas coba garam aneh nikmat soto gurih kurang cocok,Negative,0.0025,0.9975,True,False,False,False
R004,Soto Sangka Banyumas,Kuliner,Banyumas,"Soto, makanan khas Purwokerto, dan minuman",Google Maps (manual),10,"Kalo tanpa sambal kacangnya tawar menurut saya, harga semangkok kecil dengan 4 potong kupat Rp 16.000, menurut saya mahal. Cukup sekali.",kalo tanpa sambal kacang tawar harga semangkok potong kupat rp mahal,Negative,0.1037,0.8963,False,False,True,False
R004,Soto Sangka Banyumas,Kuliner,Banyumas,"Soto, makanan khas Purwokerto, dan minuman",Google Maps (manual),11,"Soto ayam yang nikmat, dengan suasana jadul yang legendaris.. Membuat kita seperti kembali ke tempo dulu.",soto ayam nikmat suasana jadul legendaris tempo,Positive,0.4722,0.5278,False,False,False,False
R004,Soto Sangka Banyumas,Kuliner,Banyumas,"Soto, makanan khas Purwokerto, dan minuman",Google Maps (manual),12,Enak lhoo yaa.. soto banyumas… mangkoknya kecil macam mangkuk dawet kalo di jogja. Trusnya kuahnya kuning.. kacangnya utuh. Sambalnya sambal kacang… jadi kalo tidak biasa makan sroto.. cobain soto disini… soto disini tidak seperti sroto2 di purwokerto atau tempat lain.. Utk harga jangan kaget c.. Buat warga jagja solo boyolali semarang.. yang biasa makan soto semangkuk 10ribu bahkan kurang… soto di banyumas yang legend rata harga 20rb keatas.. hahaha..,enak lhoo yaa soto banyumas mangkok mangkuk dawet kalo jogja trusnya kuah kuning kacang utuh sambal sambal kacang kalo tidak makan sroto cobain soto soto tidak sroto purwokerto harga jangan kaget warga jagja solo boyolali semarang makan soto semangkuk ribu kurang soto banyumas legend harga rb atas hahaha,Positive,0.0017,0.9983,True,False,True,False
R004,Soto Sangka Banyumas,Kuliner,Banyumas,"Soto, makanan khas Purwokerto, dan minuman",Google Maps (manual),13,"Rasa sotonya enak, walaupun bukan yang paling enak, yang dirasakan saat makan disini adalah nostalgia nya, dulu pernah makan disini saat masih SD, masaknya pun masih menggunakan tungku kayu bakar",soto enak bukan enak rasa makan nostalgia makan sd masak tungku kayu bakar,Positive,0.3568,0.6432,True,False,False,False
R004,Soto Sangka Banyumas,Kuliner,Banyumas,"Soto, makanan khas Purwokerto, dan minuman",Google Maps (manual),14,"Selalu kesini kalau ke banyumas, soto nya enakkk.. rasa tidak pernah berubah dari jaman masih SD",kesini banyumas soto enakkk tidak ubah jaman sd,Positive,0.074,0.926,True,True,False,False
R004,Soto Sangka Banyumas,Kuliner,Banyumas,"Soto, makanan khas Purwokerto, dan minuman",Google Maps (manual),15,"Istimewa , rasanya mantap .",istimewa mantap,Positive,0.9999,0.0001,True,False,False,False
R005,"Kopi Kami, Untuk Kamu",Kuliner,Purwokerto Utara,"Kopi, minuman espresso based, makanan ringan, dan menu kafe",Google Maps (manual),1,"Lokasinya strategis, tempatnya nyaman full AC ada 2 lantai, klo makan di kemangi bisa pesan menu di kopi kami karena 1 managemen.",lokasi strategis tempat nyaman full ac lantai klo makan kemangi pesan menu kopi managemen,Positive,0.1143,0.8857,False,True,False,False
R005,"Kopi Kami, Untuk Kamu",Kuliner,Purwokerto Utara,"Kopi, minuman espresso based, makanan ringan, dan menu kafe",Google Maps (manual),2,"Tempatnya nyaman, adem, banyak kursi, ada mushola, harga affordable, free wifi. The best pokoknya. Semoga rame yaa...",tempat nyaman adem kursi mushola harga affordable free wifi the best pokok moga rame yaa,Positive,0.9994,0.0006,False,True,True,False
R005,"Kopi Kami, Untuk Kamu",Kuliner,Purwokerto Utara,"Kopi, minuman espresso based, makanan ringan, dan menu kafe",Google Maps (manual),3,"Tempatnya cozy banget buat makan & nongkrong mantep, tatanan interiornya suka sih keren, untuk makanannya lumayan enak",tempat cozy makan nongkrong mantep tatanan interior suka keren makan lumayan enak,Positive,0.9971,0.0029,True,False,False,False
R005,"Kopi Kami, Untuk Kamu",Kuliner,Purwokerto Utara,"Kopi, minuman espresso based, makanan ringan, dan menu kafe",Google Maps (manual),4,Pelayanan kurang memuaskan....rasa mkanan biasa aja,layan kurang muas mkanan,Negative,0.0172,0.9828,True,False,False,False
R005,"Kopi Kami, Untuk Kamu",Kuliner,Purwokerto Utara,"Kopi, minuman espresso based, makanan ringan, dan menu kafe",Google Maps (manual),5,"pernah aku dan keluarga makan disini dan sampe 1 jam lebih nunggu makanan dateng, yang tadi'nya laper mau makan biar kenyang karena nunggu kelamaan lapernya ilang, sampe makanan blm dteng semua kita pulang, dan kita memutuskan makanan yg dipesan untuk di bungkus, dan lebih parahnya lgi makanan yg udah masuk bill 1 macem makanan ternyata tdk ada pas smpe rumah, sekedar masukan harap lebih menghargai pelanggan, terimakasih.",keluarga makan sampe jam nunggu makan dateng laper makan biar kenyang nunggu lapernya ilang sampe makan blm dteng pulang putus makan pes bungkus parah lgi makan masuk bill macem makan tdk pas smpe rumah dar masuk harap harga langgan,Negative,0.0104,0.9896,False,True,True,True
R005,"Kopi Kami, Untuk Kamu",Kuliner,Purwokerto Utara,"Kopi, minuman espresso based, makanan ringan, dan menu kafe",Google Maps (manual),6,Layanannya lama..butuh 15 menit sampai ada 1 pelayan yg tanyain mau pesen apa dan butuh 15 menit lagi untuk menunggu 1 gelas 1 latte..panas dan rame banget..wifi ada tapi gak ada connection..sayang bgt padahal tempatnya bagus dan harganya affordable.,layan butuh menit layan tanyain sen butuh menit tunggu gelas latte panas rame wifi gak connection sayang tempat bagus harga affordable,Negative,0.433,0.567,True,False,True,True
R005,"Kopi Kami, Untuk Kamu",Kuliner,Purwokerto Utara,"Kopi, minuman espresso based, makanan ringan, dan menu kafe",Google Maps (manual),7,"Mohon maaf saya berikan bintang 1. Pernah makan di sini dan pesanan datang lama sekali hampir 1 jam padahal di sana tidak banyak tamu. Mohon diperbaiki pelayanan nya, Tempat yang nyaman akan sia-sia jika masakan disajikan terlalu lama.",mohon maaf bintang makan pesan jam tidak tamu mohon baik layan nyaman sia sia masakan saji,Negative,0.0072,0.9928,False,True,False,True
R005,"Kopi Kami, Untuk Kamu",Kuliner,Purwokerto Utara,"Kopi, minuman espresso based, makanan ringan, dan menu kafe",Google Maps (manual),8,"Harga tinggi, rasa rendah",harga rendah,Negative,0.2259,0.7741,True,False,True,False
R005,"Kopi Kami, Untuk Kamu",Kuliner,Purwokerto Utara,"Kopi, minuman espresso based, makanan ringan, dan menu kafe",Google Maps (manual),9,Pelayanan perlu ditingkatkan lg.,layan tingkat lg,Negative,0.068,0.932,False,False,False,False
R005,"Kopi Kami, Untuk Kamu",Kuliner,Purwokerto Utara,"Kopi, minuman espresso based, makanan ringan, dan menu kafe",Google Maps (manual),10,"Murah, enak, tempat duduk nyaman, ac. Di sini paling cocok. ",murah enak duduk nyaman ac cocok,Positive,0.9979,0.0021,False,True,True,False
R005,"Kopi Kami, Untuk Kamu",Kuliner,Purwokerto Utara,"Kopi, minuman espresso based, makanan ringan, dan menu kafe",Google Maps (manual),11,Enak dan tdk mahal juga tempat nyaman,enak tdk mahal nyaman,Positive,0.4114,0.5886,False,True,True,False
R005,"Kopi Kami, Untuk Kamu",Kuliner,Purwokerto Utara,"Kopi, minuman espresso based, makanan ringan, dan menu kafe",Google Maps (manual),12,"Makanannya ga ada yang fail. Enak2 semua. Minumnya oke, tempatnya enak banget buat kerja yang butuh fokus ekstra",makan ga fail enak minum oke tempat enak kerja butuh fokus ekstra,Positive,0.5608,0.4392,True,False,False,False
R006,Nakopi Roastery,Kuliner,Purwokerto Selatan,Biji Kopi dan minuman kopi pilihan,Google Maps (manual),1,"Pertama kali kesini, langsung dijelaskan macam macam kopi. Lengkap untuk kopi nya, mau lokal maupun kopi Nusantara. Beli beans gratis giling.",kali kesini langsung kopi lengkap kopi lokal kopi nusantara beli beans gratis giling,Positive,0.2179,0.7821,False,False,False,False
R006,Nakopi Roastery,Kuliner,Purwokerto Selatan,Biji Kopi dan minuman kopi pilihan,Google Maps (manual),2,"Pilihan biji kopi nya beragam dan harga sangat terjangkau, pemilik juga ramah",pilih biji kopi agam harga jangkau milik ramah,Positive,0.9783,0.0217,False,False,True,False
R006,Nakopi Roastery,Kuliner,Purwokerto Selatan,Biji Kopi dan minuman kopi pilihan,Google Maps (manual),3,Tempat jual berbagai macam jenis kopi yang lumayan lengkap. Beans nya bisa minta digiling sekalian. Penjualnya ramah. Kopi nya juga enak dan fresh.,jual jenis kopi lumayan lengkap beans giling jual ramah kopi enak fresh,Positive,0.8756,0.1244,True,False,False,False
R006,Nakopi Roastery,Kuliner,Purwokerto Selatan,Biji Kopi dan minuman kopi pilihan,Google Maps (manual),4,"Tempat jual kopi terdekat dan termurah dari rumah, sudah coba berbagai macam beans, tp blm pernah ketemu sama yang punya…",jual kopi dekat murah rumah coba beans blm ketemu,Positive,0.1114,0.8886,False,False,True,False
R006,Nakopi Roastery,Kuliner,Purwokerto Selatan,Biji Kopi dan minuman kopi pilihan,Google Maps (manual),5,Saya minta giling halus malah dikasih kasar,giling halus kasih kasar,Negative,0.0895,0.9105,False,False,False,False
R006,Nakopi Roastery,Kuliner,Purwokerto Selatan,Biji Kopi dan minuman kopi pilihan,Google Maps (manual),6,"Pilihan beragam, sebagai pecinta arabika, banyak opsi kopi enak dan mantap",pilih agam cinta arabika opsi kopi enak mantap,Positive,0.9918,0.0082,True,False,False,False
R006,Nakopi Roastery,Kuliner,Purwokerto Selatan,Biji Kopi dan minuman kopi pilihan,Google Maps (manual),7,"Ownernya ramah banget, baru kesampean main ke kesini, menyediakan banyak variant kopi. Pembelian kali ini saya ambil robusta temanggung, robusta slamet, dan arabika ratamba. Sudah saya cicip enak semua, fresh gaes. Rekomendasi buat kalian yang suka nyeduh kopi dirumah bareng keluarga, dikantor, maupun sebagai gift ke seseorang.",ownernya ramah sampean main kesini sedia variant kopi beli kali ambil robusta tanggung robusta slamet arabika ratamba cicip enak fresh gaes rekomendasi suka nyeduh kopi rumah bareng keluarga kantor gift,Positive,0.7991,0.2009,False,False,False,False
R006,Nakopi Roastery,Kuliner,Purwokerto Selatan,Biji Kopi dan minuman kopi pilihan,Google Maps (manual),8,"Mantaaapp..pilihan kopi banyak..karyawan toko (mas Nazal) ramah,sumeh seperti ownernya..",mantaaapp pilih kopi karyawan toko mas nazal ramah sumeh ownernya,Positive,0.6968,0.3032,False,False,False,False
R006,Nakopi Roastery,Kuliner,Purwokerto Selatan,Biji Kopi dan minuman kopi pilihan,Google Maps (manual),9,"Tempat beli kopi mantap, enak, spesial pokoknya recomended beli kpi disini",beli kopi mantap enak spesial pokok recomended beli kpi,Positive,0.9847,0.0153,True,False,False,False
R006,Nakopi Roastery,Kuliner,Purwokerto Selatan,Biji Kopi dan minuman kopi pilihan,Google Maps (manual),10,Kualitas kopi nya top dan pelayanan nya ramah poll,kualitas kopi top layan ramah poll,Positive,0.9759,0.0241,True,False,False,False
R007,Praketa,Kuliner,Purwokerto Utara,"Kopi, minuman espresso based, makanan ringan, dan menu kafe",Google Maps (manual),1,"My personal experience here has always been good. Praketa nyaman banget untuk nugas. Ada colokan di setiap meja. Kalau kurang, bisa minta roll kabel tambahan. Pesan apapun juga free segelas air mineral. No bayar parkir, karena mereka juga menyediakan kartu parkir gratis. Daaaan, wifinya kenceng banget. Online meeting disini lancar jaya. Makanannya juga affordable. Paling suka ricebowl crispy chicken yang sambel matah atau ricebowl bakso sapi saus bbq. Intinya Praketa is my personal comfort place. The service is too good. I think I come here at least twice a month, except during holiday??",my personal experience here has always been good praketa nyaman nugas colok meja kurang roll kabel tambah pesan apa free gelas air mineral no bayar parkir sedia kartu parkir gratis daaaan wifinya kenceng online meeting lancar jaya makan affordable suka ricebowl crispy chicken sambel matah ricebowl bakso sapi saus bbq inti praketa is my personal comfort place the service is too good think come here at least twice month except during holiday,Positive,0.8784,0.1216,True,True,True,False
R007,Praketa,Kuliner,Purwokerto Utara,"Kopi, minuman espresso based, makanan ringan, dan menu kafe",Google Maps (manual),2,"Another cafe deket Unsoed yang aku rekomendasiin juga. Tempatnya kecil tapi nyaman kok, ada ruang indoor dan outdoornya. Parkiran luas, ada buku juga yang bisa dibaca sambil minum kopi",another cafe deket unsoed rekomendasiin tempat nyaman ruang indoor outdoornya parkir luas buku baca minum kopi,Positive,0.2186,0.7814,False,True,False,False
R007,Praketa,Kuliner,Purwokerto Utara,"Kopi, minuman espresso based, makanan ringan, dan menu kafe",Google Maps (manual),3,"mahall, pesanannya lama, kurang hemat untuk kaum mendang mending.",mahall pesan kurang hemat kaum dang mending,Negative,0.0011,0.9989,False,False,True,True
R007,Praketa,Kuliner,Purwokerto Utara,"Kopi, minuman espresso based, makanan ringan, dan menu kafe",Google Maps (manual),4,"Total 74rb praketa skrg downgrade bgt, Kentang berapa biji 15ribu, risol mayo 3biji 18rb, lemon tea cup ketcil 18rb, caffe latte 23rb, total 74ribu ini becanda apa gmn kaya nggelitik lidah doang. Mending ke coffe shop lain, bye praketa…",total rb praketa skrg downgrade kentang biji ribu risol mayo biji rb lemon tea cup ketcil rb caffe latte rb total ribu becanda gmn kaya nggelitik lidah doang mending coffe shop bye praketa,Negative,0.0173,0.9827,False,False,False,False
R007,Praketa,Kuliner,Purwokerto Utara,"Kopi, minuman espresso based, makanan ringan, dan menu kafe",Google Maps (manual),5,"Pelayanannya kurang ramah, terkesan maksa untuk semua order padahal pasti di order. But i think kan bisa aja sharing. Even emg mau mengingatkan coba pelan² mbaa...",layan kurang ramah kes maksa order order but think sharing even emg coba pelan mbaa,Negative,0.1152,0.8848,False,False,False,False
R007,Praketa,Kuliner,Purwokerto Utara,"Kopi, minuman espresso based, makanan ringan, dan menu kafe",Google Maps (manual),6,"Punten ya min, habis dapet pelayanan yang kurang mengenakan dr mba mba nya, kalau menawarkan bisa jgn terlalu maksa gitu, mengangu kenyaman sebagai customer, apa lg dengan nada bicara yang kurang humbel, terimaksi????",punten min habis dapet layan kurang kena dr mba mba tawar jgn maksa gitu mengangu kenyam customer lg nada bicara kurang humbel terimaksi,Negative,0.0003,0.9997,False,True,False,False
R007,Praketa,Kuliner,Purwokerto Utara,"Kopi, minuman espresso based, makanan ringan, dan menu kafe",Google Maps (manual),7,"Suasana ga kaya cafe tapi lebih ke warung, makanan ada yg enak ada yg ga enak. Pesen singkong goreng tapi singkongnya pahit. Pesen Ricebowl Baso enak. Harga worth lah di kelasnya.",suasana ga kaya cafe warung makan enak ga enak sen singkong goreng singkong pahit sen ricebowl baso enak harga worth kelas,Negative,0.0467,0.9533,False,False,True,False
R007,Praketa,Kuliner,Purwokerto Utara,"Kopi, minuman espresso based, makanan ringan, dan menu kafe",Google Maps (manual),8,"Kedai kopi ini tmpt nya kurang luas ,parkiran juga kurang luas ,rasa kopi nya juga cukupan ,tmpt bersih,pelayanan ramah",kedai kopi tmpt kurang luas parkir kurang luas kopi cukup tmpt bersih layan ramah,Negative,0.0445,0.9555,True,False,False,False
R007,Praketa,Kuliner,Purwokerto Utara,"Kopi, minuman espresso based, makanan ringan, dan menu kafe",Google Maps (manual),9,"Makanan enaak, pelayanannya oke, ramah dan sangat detail menjelaskan menu²nya.",makan enaak layan oke ramah detail menu nya,Positive,0.9494,0.0506,True,False,False,False
R007,Praketa,Kuliner,Purwokerto Utara,"Kopi, minuman espresso based, makanan ringan, dan menu kafe",Google Maps (manual),10,"Makanan dan minumannya enak, ada menu sehat buat yg lagi diet. Tempat cocok untuk me time dan nugas, banyak colokan, ada ruangan ber ac dan non ac, pelayanan ramah. Saya datang pas lagi hujan dikasih voucher promo 20%",makan minum enak menu sehat diet cocok me time nugas colok ruang ber ac non ac layan ramah pas hujan kasih voucher promo,Positive,0.6797,0.3203,False,False,True,True
R007,Praketa,Kuliner,Purwokerto Utara,"Kopi, minuman espresso based, makanan ringan, dan menu kafe",Google Maps (manual),11,"Tempatnya nyaman dengan suasananya ala vintage, harga makanan dan minumannya worth it untuk kantong mahasiswa dan pekerja.",tempat nyaman suasana ala vintage harga makan minum worth it kantong mahasiswa kerja,Positive,0.9502,0.0498,False,True,True,False
R007,Praketa,Kuliner,Purwokerto Utara,"Kopi, minuman espresso based, makanan ringan, dan menu kafe",Google Maps (manual),12,"Makanan, kopi, ambience enak bangett tapi sayang kurang customer loyalty nya. Buat tempat duduk kita masih diarahkan dan diatur seperti ""Untuk 2 orang bolehnya yang ini ya kak"" Dan itu bikin jadi gak nyaman si... pernah sekali memergoki cust memilih keluar dan pindah krn gak diperbolehkan duduk di kursi yg diinginkan. Seharusnya customer yg dateng pertama/duluan bebas memilih tempat.. Thanks",makan kopi ambience enak bangett sayang kurang customer loyalty duduk arah atur orang boleh kak bikin gak nyaman si pergok cust pilih pindah gak boleh duduk kursi customer dateng duluan bebas pilih thanks,Negative,0.1311,0.8689,False,True,False,False
R007,Praketa,Kuliner,Purwokerto Utara,"Kopi, minuman espresso based, makanan ringan, dan menu kafe",Google Maps (manual),13,Okelah.. singkongnya ok banget... Kopi Wamena nya jossssnya pooolll... tempe Mendoaannya garing garing...,oke singkong ok kopi wamena jossssnya pooolll tempe doa garing garing,Negative,0.9695,0.0305,True,False,False,False
R008,Batik Hadipriyanto,Fashion,Banyumas,"Batik, kain, pakaian, dan suvenir berbahan kain",Google Maps (manual),1,"Toko batik langganan saat pulkam, koleksi lengkap, showroom luas, ber AC dan bersih, bikin betah lama² browsing batik. Pelayanan sat set, ramah daj helpful.",toko batik langgan pulkam koleksi lengkap showroom luas ber ac bersih bikin betah lama browsing batik layan sat set ramah daj helpful,Positive,0.9529,0.0471,False,False,False,True
R008,Batik Hadipriyanto,Fashion,Banyumas,"Batik, kain, pakaian, dan suvenir berbahan kain",Google Maps (manual),2,"Batik khas Banyumas, tersedia banyak pilihan, mulai dari yang mahal dengan model batik hasil lukis tangan, sampai yang murah hasil batik stample. Meskipun toko batik khas Banyumas, namun menjual juga beberapa batik khas dari luar daerah seperti kain lurik (surjan), dll.",batik khas banyumas sedia pilih mahal model batik hasil lukis tangan murah hasil batik stample toko batik khas banyumas jual batik khas daerah kain lurik surjan dll,Positive,0.6672,0.3328,False,False,True,True
R008,Batik Hadipriyanto,Fashion,Banyumas,"Batik, kain, pakaian, dan suvenir berbahan kain",Google Maps (manual),3,"Pilihan motif batik yg sangat variatif, harga yg terjangkau bahkan dengan layanan yg ramah parkir yg mudah baik untuk roda 2 atau empat.",pilih motif batik variatif harga jangkau layan ramah parkir mudah roda,Positive,0.9926,0.0074,False,False,True,False
R008,Batik Hadipriyanto,Fashion,Banyumas,"Batik, kain, pakaian, dan suvenir berbahan kain",Google Maps (manual),4,"Motif, corak, kain dan modelnya cakep2 semua.. bisa liat proses pembuatannya langsung.. harganya jg sesuai.. Batik Hadipriyanto, Banyumas banget",motif corak kain model cakep liat proses buat langsung harga sesuai batik hadipriyanto banyumas,Positive,0.9748,0.0252,True,False,True,False
R008,Batik Hadipriyanto,Fashion,Banyumas,"Batik, kain, pakaian, dan suvenir berbahan kain",Google Maps (manual),5,Butik Batik asli Banyumas. Tersedia kain dan busana pria dan wanita jadi. Sayangnya koleksi kurang lengkap. Untuk batik tulis selembar kain seharga ratusan hingga jutaan rupiah.,butik batik asli banyumas sedia kain busana pria wanita sayang koleksi kurang lengkap batik tulis lembar kain harga ratus juta rupiah,Positive,0.3274,0.6726,True,False,True,False
R008,Batik Hadipriyanto,Fashion,Banyumas,"Batik, kain, pakaian, dan suvenir berbahan kain",Google Maps (manual),6,Bagus nyaman banyak pilihan motif batiknya,bagus nyaman pilih motif batik,Positive,0.9973,0.0027,True,True,False,False
R008,Batik Hadipriyanto,Fashion,Banyumas,"Batik, kain, pakaian, dan suvenir berbahan kain",Google Maps (manual),7,Batiknya banyak pilihan. Pemesanan bisa juga melalui WA untuk mengecek ketersediaannya. Pembayaran juga dapat dilakukan secara non tunai.,batik pilih mesan wa ecek sedia bayar non tunai,Positive,0.3096,0.6904,False,False,True,False
R008,Batik Hadipriyanto,Fashion,Banyumas,"Batik, kain, pakaian, dan suvenir berbahan kain",Google Maps (manual),8,Produk batiknya lengkap dan harga terjangkau,produk batik lengkap harga jangkau,Positive,0.9961,0.0039,True,False,True,False
R008,Batik Hadipriyanto,Fashion,Banyumas,"Batik, kain, pakaian, dan suvenir berbahan kain",Google Maps (manual),9,Keren dan berkualitas,keren kualitas,Positive,0.9996,0.0004,True,False,False,False
R008,Batik Hadipriyanto,Fashion,Banyumas,"Batik, kain, pakaian, dan suvenir berbahan kain",Google Maps (manual),10,"Tempat yang bagus untuk membeli batik, tetapi ada masalah dengan AC di toko tersebut.",bagus beli batik ac toko,Positive,0.9157,0.0843,True,False,False,False
